case	role	status	error_code	category	line	first_error	source	upstream_commit	compiler_commit
exercises/concept/annalyns-infiltration/.meta/exemplar.clj	concept	PASS					exercises/concept/annalyns-infiltration/.meta/exemplar.clj	4a4c4fd0eb5a232ad1e5f2b81c751bfbfcbd0190	3e71bc1996b689233c80516b4b4aff52259c2cdf
exercises/concept/annalyns-infiltration/project.clj	project	FAIL	E0101	missing-core-function	1	função não resolvida: defproject	exercises/concept/annalyns-infiltration/project.clj	4a4c4fd0eb5a232ad1e5f2b81c751bfbfcbd0190	3e71bc1996b689233c80516b4b4aff52259c2cdf
exercises/concept/annalyns-infiltration/src/annalyns_infiltration.clj	source	PASS					exercises/concept/annalyns-infiltration/src/annalyns_infiltration.clj	4a4c4fd0eb5a232ad1e5f2b81c751bfbfcbd0190	3e71bc1996b689233c80516b4b4aff52259c2cdf
exercises/concept/annalyns-infiltration/test/annalyns_infiltration_test.clj	test	FAIL		compiler-other		namespace não encontrado no source-path: annalyns-infiltration	exercises/concept/annalyns-infiltration/test/annalyns_infiltration_test.clj	4a4c4fd0eb5a232ad1e5f2b81c751bfbfcbd0190	3e71bc1996b689233c80516b4b4aff52259c2cdf
exercises/concept/bird-watcher/.meta/exemplar.clj	concept	FAIL	E0101	missing-core-function	6	função não resolvida: peek	exercises/concept/bird-watcher/.meta/exemplar.clj	4a4c4fd0eb5a232ad1e5f2b81c751bfbfcbd0190	3e71bc1996b689233c80516b4b4aff52259c2cdf
exercises/concept/bird-watcher/project.clj	project	FAIL	E0101	missing-core-function	1	função não resolvida: defproject	exercises/concept/bird-watcher/project.clj	4a4c4fd0eb5a232ad1e5f2b81c751bfbfcbd0190	3e71bc1996b689233c80516b4b4aff52259c2cdf
exercises/concept/bird-watcher/src/bird_watcher.clj	source	FAIL	E0100	top-level-def	3	def/defn só é permitido no nível de topo	exercises/concept/bird-watcher/src/bird_watcher.clj	4a4c4fd0eb5a232ad1e5f2b81c751bfbfcbd0190	3e71bc1996b689233c80516b4b4aff52259c2cdf
exercises/concept/bird-watcher/test/bird_watcher_test.clj	test	FAIL		compiler-other		namespace não encontrado no source-path: bird-watcher	exercises/concept/bird-watcher/test/bird_watcher_test.clj	4a4c4fd0eb5a232ad1e5f2b81c751bfbfcbd0190	3e71bc1996b689233c80516b4b4aff52259c2cdf
exercises/concept/card-games/.meta/exemplar.clj	concept	FAIL	E0101	missing-core-function	20	função não resolvida: boolean	exercises/concept/card-games/.meta/exemplar.clj	4a4c4fd0eb5a232ad1e5f2b81c751bfbfcbd0190	3e71bc1996b689233c80516b4b4aff52259c2cdf
exercises/concept/card-games/project.clj	project	FAIL	E0101	missing-core-function	1	função não resolvida: defproject	exercises/concept/card-games/project.clj	4a4c4fd0eb5a232ad1e5f2b81c751bfbfcbd0190	3e71bc1996b689233c80516b4b4aff52259c2cdf
exercises/concept/card-games/src/card_games.clj	source	PASS					exercises/concept/card-games/src/card_games.clj	4a4c4fd0eb5a232ad1e5f2b81c751bfbfcbd0190	3e71bc1996b689233c80516b4b4aff52259c2cdf
exercises/concept/card-games/test/card_games_test.clj	test	FAIL		compiler-other		namespace não encontrado no source-path: clojure.test	exercises/concept/card-games/test/card_games_test.clj	4a4c4fd0eb5a232ad1e5f2b81c751bfbfcbd0190	3e71bc1996b689233c80516b4b4aff52259c2cdf
exercises/concept/cars-assemble/.meta/exemplar.clj	concept	PASS					exercises/concept/cars-assemble/.meta/exemplar.clj	4a4c4fd0eb5a232ad1e5f2b81c751bfbfcbd0190	3e71bc1996b689233c80516b4b4aff52259c2cdf
exercises/concept/cars-assemble/project.clj	project	FAIL	E0101	missing-core-function	1	função não resolvida: defproject	exercises/concept/cars-assemble/project.clj	4a4c4fd0eb5a232ad1e5f2b81c751bfbfcbd0190	3e71bc1996b689233c80516b4b4aff52259c2cdf
exercises/concept/cars-assemble/src/cars_assemble.clj	source	PASS					exercises/concept/cars-assemble/src/cars_assemble.clj	4a4c4fd0eb5a232ad1e5f2b81c751bfbfcbd0190	3e71bc1996b689233c80516b4b4aff52259c2cdf
exercises/concept/cars-assemble/test/cars_assemble_test.clj	test	FAIL		compiler-other		namespace não encontrado no source-path: cars-assemble	exercises/concept/cars-assemble/test/cars_assemble_test.clj	4a4c4fd0eb5a232ad1e5f2b81c751bfbfcbd0190	3e71bc1996b689233c80516b4b4aff52259c2cdf
exercises/concept/coordinate-transformation/.meta/exemplar.clj	concept	FAIL	E0101	missing-core-function	28	função não resolvida: atom	exercises/concept/coordinate-transformation/.meta/exemplar.clj	4a4c4fd0eb5a232ad1e5f2b81c751bfbfcbd0190	3e71bc1996b689233c80516b4b4aff52259c2cdf
exercises/concept/coordinate-transformation/project.clj	project	FAIL	E0101	missing-core-function	1	função não resolvida: defproject	exercises/concept/coordinate-transformation/project.clj	4a4c4fd0eb5a232ad1e5f2b81c751bfbfcbd0190	3e71bc1996b689233c80516b4b4aff52259c2cdf
exercises/concept/coordinate-transformation/src/coordinate_transformation.clj	source	PASS					exercises/concept/coordinate-transformation/src/coordinate_transformation.clj	4a4c4fd0eb5a232ad1e5f2b81c751bfbfcbd0190	3e71bc1996b689233c80516b4b4aff52259c2cdf
exercises/concept/coordinate-transformation/test/coordinate_transformation_test.clj	test	FAIL	E0017	compiler-other	112	keyword auto-resolvida (::) não suportada no MVP inicial	exercises/concept/coordinate-transformation/test/coordinate_transformation_test.clj	4a4c4fd0eb5a232ad1e5f2b81c751bfbfcbd0190	3e71bc1996b689233c80516b4b4aff52259c2cdf
exercises/concept/date-parser/.meta/exemplar.clj	concept	FAIL	E0101	missing-core-function	10	função não resolvida: re-matches	exercises/concept/date-parser/.meta/exemplar.clj	4a4c4fd0eb5a232ad1e5f2b81c751bfbfcbd0190	3e71bc1996b689233c80516b4b4aff52259c2cdf
exercises/concept/date-parser/src/date_parser.clj	source	FAIL	E0100	top-level-def	3	def/defn só é permitido no nível de topo	exercises/concept/date-parser/src/date_parser.clj	4a4c4fd0eb5a232ad1e5f2b81c751bfbfcbd0190	3e71bc1996b689233c80516b4b4aff52259c2cdf
exercises/concept/date-parser/test/date_parser_test.clj	test	FAIL		compiler-other		namespace não encontrado no source-path: clojure.test	exercises/concept/date-parser/test/date_parser_test.clj	4a4c4fd0eb5a232ad1e5f2b81c751bfbfcbd0190	3e71bc1996b689233c80516b4b4aff52259c2cdf
exercises/concept/elyses-destructured-enchantments/.meta/exemplar.clj	concept	FAIL	E0100	destructuring	3	def/defn só é permitido no nível de topo	exercises/concept/elyses-destructured-enchantments/.meta/exemplar.clj	4a4c4fd0eb5a232ad1e5f2b81c751bfbfcbd0190	3e71bc1996b689233c80516b4b4aff52259c2cdf
exercises/concept/elyses-destructured-enchantments/project.clj	project	FAIL	E0101	missing-core-function	1	função não resolvida: defproject	exercises/concept/elyses-destructured-enchantments/project.clj	4a4c4fd0eb5a232ad1e5f2b81c751bfbfcbd0190	3e71bc1996b689233c80516b4b4aff52259c2cdf
exercises/concept/elyses-destructured-enchantments/src/elyses_destructured_enchantments.clj	source	PASS					exercises/concept/elyses-destructured-enchantments/src/elyses_destructured_enchantments.clj	4a4c4fd0eb5a232ad1e5f2b81c751bfbfcbd0190	3e71bc1996b689233c80516b4b4aff52259c2cdf
exercises/concept/elyses-destructured-enchantments/test/elyses_destructured_enchantments_test.clj	test	FAIL		compiler-other		namespace não encontrado no source-path: clojure.test	exercises/concept/elyses-destructured-enchantments/test/elyses_destructured_enchantments_test.clj	4a4c4fd0eb5a232ad1e5f2b81c751bfbfcbd0190	3e71bc1996b689233c80516b4b4aff52259c2cdf
exercises/concept/interest-is-interesting/.meta/exemplar.clj	concept	FAIL	E0021	numeric-big	5	BigInt/BigDecimal não suportados no MVP: `0.0M`	exercises/concept/interest-is-interesting/.meta/exemplar.clj	4a4c4fd0eb5a232ad1e5f2b81c751bfbfcbd0190	3e71bc1996b689233c80516b4b4aff52259c2cdf
exercises/concept/interest-is-interesting/project.clj	project	FAIL	E0101	missing-core-function	1	função não resolvida: defproject	exercises/concept/interest-is-interesting/project.clj	4a4c4fd0eb5a232ad1e5f2b81c751bfbfcbd0190	3e71bc1996b689233c80516b4b4aff52259c2cdf
exercises/concept/interest-is-interesting/src/interest_is_interesting.clj	source	PASS					exercises/concept/interest-is-interesting/src/interest_is_interesting.clj	4a4c4fd0eb5a232ad1e5f2b81c751bfbfcbd0190	3e71bc1996b689233c80516b4b4aff52259c2cdf
exercises/concept/interest-is-interesting/test/interest_is_interesting_test.clj	test	FAIL	E0021	numeric-big	6	BigInt/BigDecimal não suportados no MVP: `0M`	exercises/concept/interest-is-interesting/test/interest_is_interesting_test.clj	4a4c4fd0eb5a232ad1e5f2b81c751bfbfcbd0190	3e71bc1996b689233c80516b4b4aff52259c2cdf
exercises/concept/international-calling-connoisseur/.meta/exemplar.clj	concept	FAIL	E0101	missing-core-function	24	função não resolvida: sort-by	exercises/concept/international-calling-connoisseur/.meta/exemplar.clj	4a4c4fd0eb5a232ad1e5f2b81c751bfbfcbd0190	3e71bc1996b689233c80516b4b4aff52259c2cdf
exercises/concept/international-calling-connoisseur/project.clj	project	FAIL	E0101	missing-core-function	1	função não resolvida: defproject	exercises/concept/international-calling-connoisseur/project.clj	4a4c4fd0eb5a232ad1e5f2b81c751bfbfcbd0190	3e71bc1996b689233c80516b4b4aff52259c2cdf
exercises/concept/international-calling-connoisseur/src/international_calling_connoisseur.clj	source	FAIL	E0100	top-level-def	3	def/defn só é permitido no nível de topo	exercises/concept/international-calling-connoisseur/src/international_calling_connoisseur.clj	4a4c4fd0eb5a232ad1e5f2b81c751bfbfcbd0190	3e71bc1996b689233c80516b4b4aff52259c2cdf
exercises/concept/international-calling-connoisseur/test/international_calling_connoisseur_test.clj	test	FAIL		compiler-other		namespace não encontrado no source-path: clojure.test	exercises/concept/international-calling-connoisseur/test/international_calling_connoisseur_test.clj	4a4c4fd0eb5a232ad1e5f2b81c751bfbfcbd0190	3e71bc1996b689233c80516b4b4aff52259c2cdf
exercises/concept/log-levels/.meta/exemplar.clj	concept	FAIL	E0012	reader-regex	8	literal de regex (#"...") não é suportado	exercises/concept/log-levels/.meta/exemplar.clj	4a4c4fd0eb5a232ad1e5f2b81c751bfbfcbd0190	3e71bc1996b689233c80516b4b4aff52259c2cdf
exercises/concept/log-levels/project.clj	project	FAIL	E0101	missing-core-function	1	função não resolvida: defproject	exercises/concept/log-levels/project.clj	4a4c4fd0eb5a232ad1e5f2b81c751bfbfcbd0190	3e71bc1996b689233c80516b4b4aff52259c2cdf
exercises/concept/log-levels/src/log_levels.clj	source	FAIL		compiler-other		namespace não encontrado no source-path: clojure.string	exercises/concept/log-levels/src/log_levels.clj	4a4c4fd0eb5a232ad1e5f2b81c751bfbfcbd0190	3e71bc1996b689233c80516b4b4aff52259c2cdf
exercises/concept/log-levels/test/log_levels_test.clj	test	FAIL		compiler-other		namespace não encontrado no source-path: clojure.test	exercises/concept/log-levels/test/log_levels_test.clj	4a4c4fd0eb5a232ad1e5f2b81c751bfbfcbd0190	3e71bc1996b689233c80516b4b4aff52259c2cdf
exercises/concept/lucians-luscious-lasagna/.meta/exemplar.clj	concept	PASS					exercises/concept/lucians-luscious-lasagna/.meta/exemplar.clj	4a4c4fd0eb5a232ad1e5f2b81c751bfbfcbd0190	3e71bc1996b689233c80516b4b4aff52259c2cdf
exercises/concept/lucians-luscious-lasagna/project.clj	project	FAIL	E0101	missing-core-function	1	função não resolvida: defproject	exercises/concept/lucians-luscious-lasagna/project.clj	4a4c4fd0eb5a232ad1e5f2b81c751bfbfcbd0190	3e71bc1996b689233c80516b4b4aff52259c2cdf
exercises/concept/lucians-luscious-lasagna/src/lucians_luscious_lasagna.clj	source	FAIL	E0100	top-level-def	9	def/defn só é permitido no nível de topo	exercises/concept/lucians-luscious-lasagna/src/lucians_luscious_lasagna.clj	4a4c4fd0eb5a232ad1e5f2b81c751bfbfcbd0190	3e71bc1996b689233c80516b4b4aff52259c2cdf
exercises/concept/lucians-luscious-lasagna/test/lucians_luscious_lasagna_test.clj	test	FAIL		compiler-other		namespace não encontrado no source-path: clojure.test	exercises/concept/lucians-luscious-lasagna/test/lucians_luscious_lasagna_test.clj	4a4c4fd0eb5a232ad1e5f2b81c751bfbfcbd0190	3e71bc1996b689233c80516b4b4aff52259c2cdf
exercises/concept/squeaky-clean/.meta/exemplar.clj	concept	FAIL	E0012	reader-regex	14	literal de regex (#"...") não é suportado	exercises/concept/squeaky-clean/.meta/exemplar.clj	4a4c4fd0eb5a232ad1e5f2b81c751bfbfcbd0190	3e71bc1996b689233c80516b4b4aff52259c2cdf
exercises/concept/squeaky-clean/project.clj	project	FAIL	E0101	missing-core-function	1	função não resolvida: defproject	exercises/concept/squeaky-clean/project.clj	4a4c4fd0eb5a232ad1e5f2b81c751bfbfcbd0190	3e71bc1996b689233c80516b4b4aff52259c2cdf
exercises/concept/squeaky-clean/src/squeaky_clean.clj	source	FAIL		compiler-other		namespace não encontrado no source-path: clojure.string	exercises/concept/squeaky-clean/src/squeaky_clean.clj	4a4c4fd0eb5a232ad1e5f2b81c751bfbfcbd0190	3e71bc1996b689233c80516b4b4aff52259c2cdf
exercises/concept/squeaky-clean/test/squeaky_clean_test.clj	test	FAIL		compiler-other		namespace não encontrado no source-path: clojure.test	exercises/concept/squeaky-clean/test/squeaky_clean_test.clj	4a4c4fd0eb5a232ad1e5f2b81c751bfbfcbd0190	3e71bc1996b689233c80516b4b4aff52259c2cdf
exercises/concept/tracks-on-tracks-on-tracks/.meta/exemplar.clj	concept	FAIL	E0100	quote	4	quote ainda não é compilável	exercises/concept/tracks-on-tracks-on-tracks/.meta/exemplar.clj	4a4c4fd0eb5a232ad1e5f2b81c751bfbfcbd0190	3e71bc1996b689233c80516b4b4aff52259c2cdf
exercises/concept/tracks-on-tracks-on-tracks/project.clj	project	FAIL	E0101	missing-core-function	1	função não resolvida: defproject	exercises/concept/tracks-on-tracks-on-tracks/project.clj	4a4c4fd0eb5a232ad1e5f2b81c751bfbfcbd0190	3e71bc1996b689233c80516b4b4aff52259c2cdf
exercises/concept/tracks-on-tracks-on-tracks/src/tracks_on_tracks_on_tracks.clj	source	PASS					exercises/concept/tracks-on-tracks-on-tracks/src/tracks_on_tracks_on_tracks.clj	4a4c4fd0eb5a232ad1e5f2b81c751bfbfcbd0190	3e71bc1996b689233c80516b4b4aff52259c2cdf
exercises/concept/tracks-on-tracks-on-tracks/test/tracks_on_tracks_on_tracks_test.clj	test	FAIL		compiler-other		namespace não encontrado no source-path: clojure.test	exercises/concept/tracks-on-tracks-on-tracks/test/tracks_on_tracks_on_tracks_test.clj	4a4c4fd0eb5a232ad1e5f2b81c751bfbfcbd0190	3e71bc1996b689233c80516b4b4aff52259c2cdf
exercises/practice/accumulate/.meta/example.clj	reference	PASS					exercises/practice/accumulate/.meta/example.clj	4a4c4fd0eb5a232ad1e5f2b81c751bfbfcbd0190	3e71bc1996b689233c80516b4b4aff52259c2cdf
exercises/practice/accumulate/project.clj	project	FAIL	E0101	missing-core-function	1	função não resolvida: defproject	exercises/practice/accumulate/project.clj	4a4c4fd0eb5a232ad1e5f2b81c751bfbfcbd0190	3e71bc1996b689233c80516b4b4aff52259c2cdf
exercises/practice/accumulate/src/accumulate.clj	source	PASS					exercises/practice/accumulate/src/accumulate.clj	4a4c4fd0eb5a232ad1e5f2b81c751bfbfcbd0190	3e71bc1996b689233c80516b4b4aff52259c2cdf
exercises/practice/accumulate/test/accumulate_test.clj	test	FAIL		compiler-other		namespace não encontrado no source-path: clojure.test	exercises/practice/accumulate/test/accumulate_test.clj	4a4c4fd0eb5a232ad1e5f2b81c751bfbfcbd0190	3e71bc1996b689233c80516b4b4aff52259c2cdf
exercises/practice/acronym/.meta/example.clj	reference	FAIL	E0012	reader-regex	4	literal de regex (#"...") não é suportado	exercises/practice/acronym/.meta/example.clj	4a4c4fd0eb5a232ad1e5f2b81c751bfbfcbd0190	3e71bc1996b689233c80516b4b4aff52259c2cdf
exercises/practice/acronym/project.clj	project	FAIL	E0101	missing-core-function	1	função não resolvida: defproject	exercises/practice/acronym/project.clj	4a4c4fd0eb5a232ad1e5f2b81c751bfbfcbd0190	3e71bc1996b689233c80516b4b4aff52259c2cdf
exercises/practice/acronym/src/acronym.clj	source	PASS					exercises/practice/acronym/src/acronym.clj	4a4c4fd0eb5a232ad1e5f2b81c751bfbfcbd0190	3e71bc1996b689233c80516b4b4aff52259c2cdf
exercises/practice/acronym/test/acronym_test.clj	test	FAIL		compiler-other		namespace não encontrado no source-path: clojure.test	exercises/practice/acronym/test/acronym_test.clj	4a4c4fd0eb5a232ad1e5f2b81c751bfbfcbd0190	3e71bc1996b689233c80516b4b4aff52259c2cdf
exercises/practice/all-your-base/.meta/example.clj	reference	FAIL	E0100	destructuring	7	loop: binding deve ser símbolo simples	exercises/practice/all-your-base/.meta/example.clj	4a4c4fd0eb5a232ad1e5f2b81c751bfbfcbd0190	3e71bc1996b689233c80516b4b4aff52259c2cdf
exercises/practice/all-your-base/project.clj	project	FAIL	E0101	missing-core-function	1	função não resolvida: defproject	exercises/practice/all-your-base/project.clj	4a4c4fd0eb5a232ad1e5f2b81c751bfbfcbd0190	3e71bc1996b689233c80516b4b4aff52259c2cdf
exercises/practice/all-your-base/src/all_your_base.clj	source	PASS					exercises/practice/all-your-base/src/all_your_base.clj	4a4c4fd0eb5a232ad1e5f2b81c751bfbfcbd0190	3e71bc1996b689233c80516b4b4aff52259c2cdf
exercises/practice/all-your-base/test/all_your_base_test.clj	test	FAIL		compiler-other		namespace não encontrado no source-path: clojure.test	exercises/practice/all-your-base/test/all_your_base_test.clj	4a4c4fd0eb5a232ad1e5f2b81c751bfbfcbd0190	3e71bc1996b689233c80516b4b4aff52259c2cdf
exercises/practice/allergies/.meta/example.clj	reference	FAIL	E0101	missing-core-function	7	função não resolvida: zipmap	exercises/practice/allergies/.meta/example.clj	4a4c4fd0eb5a232ad1e5f2b81c751bfbfcbd0190	3e71bc1996b689233c80516b4b4aff52259c2cdf
exercises/practice/allergies/.meta/generator.clj	generator	FAIL	E0012	reader-regex	7	literal de regex (#"...") não é suportado	exercises/practice/allergies/.meta/generator.clj	4a4c4fd0eb5a232ad1e5f2b81c751bfbfcbd0190	3e71bc1996b689233c80516b4b4aff52259c2cdf
exercises/practice/allergies/project.clj	project	FAIL	E0101	missing-core-function	1	função não resolvida: defproject	exercises/practice/allergies/project.clj	4a4c4fd0eb5a232ad1e5f2b81c751bfbfcbd0190	3e71bc1996b689233c80516b4b4aff52259c2cdf
exercises/practice/allergies/src/allergies.clj	source	PASS					exercises/practice/allergies/src/allergies.clj	4a4c4fd0eb5a232ad1e5f2b81c751bfbfcbd0190	3e71bc1996b689233c80516b4b4aff52259c2cdf
exercises/practice/allergies/test/allergies_test.clj	test	FAIL		compiler-other		namespace não encontrado no source-path: clojure.test	exercises/practice/allergies/test/allergies_test.clj	4a4c4fd0eb5a232ad1e5f2b81c751bfbfcbd0190	3e71bc1996b689233c80516b4b4aff52259c2cdf
exercises/practice/anagram/.meta/example.clj	reference	FAIL		compiler-other		namespace não encontrado no source-path: clojure.string	exercises/practice/anagram/.meta/example.clj	4a4c4fd0eb5a232ad1e5f2b81c751bfbfcbd0190	3e71bc1996b689233c80516b4b4aff52259c2cdf
exercises/practice/anagram/project.clj	project	FAIL	E0101	missing-core-function	1	função não resolvida: defproject	exercises/practice/anagram/project.clj	4a4c4fd0eb5a232ad1e5f2b81c751bfbfcbd0190	3e71bc1996b689233c80516b4b4aff52259c2cdf
exercises/practice/anagram/src/anagram.clj	source	PASS					exercises/practice/anagram/src/anagram.clj	4a4c4fd0eb5a232ad1e5f2b81c751bfbfcbd0190	3e71bc1996b689233c80516b4b4aff52259c2cdf
exercises/practice/anagram/test/anagram_test.clj	test	FAIL		compiler-other		namespace não encontrado no source-path: clojure.test	exercises/practice/anagram/test/anagram_test.clj	4a4c4fd0eb5a232ad1e5f2b81c751bfbfcbd0190	3e71bc1996b689233c80516b4b4aff52259c2cdf
exercises/practice/armstrong-numbers/.meta/example.clj	reference	FAIL	E0100	quote	4	quote ainda não é compilável	exercises/practice/armstrong-numbers/.meta/example.clj	4a4c4fd0eb5a232ad1e5f2b81c751bfbfcbd0190	3e71bc1996b689233c80516b4b4aff52259c2cdf
exercises/practice/armstrong-numbers/project.clj	project	FAIL	E0101	missing-core-function	1	função não resolvida: defproject	exercises/practice/armstrong-numbers/project.clj	4a4c4fd0eb5a232ad1e5f2b81c751bfbfcbd0190	3e71bc1996b689233c80516b4b4aff52259c2cdf
exercises/practice/armstrong-numbers/src/armstrong_numbers.clj	source	PASS					exercises/practice/armstrong-numbers/src/armstrong_numbers.clj	4a4c4fd0eb5a232ad1e5f2b81c751bfbfcbd0190	3e71bc1996b689233c80516b4b4aff52259c2cdf
exercises/practice/armstrong-numbers/test/armstrong_numbers_test.clj	test	FAIL		compiler-other		namespace não encontrado no source-path: clojure.test	exercises/practice/armstrong-numbers/test/armstrong_numbers_test.clj	4a4c4fd0eb5a232ad1e5f2b81c751bfbfcbd0190	3e71bc1996b689233c80516b4b4aff52259c2cdf
exercises/practice/atbash-cipher/.meta/example.clj	reference	FAIL	E0012	reader-regex	18	literal de regex (#"...") não é suportado	exercises/practice/atbash-cipher/.meta/example.clj	4a4c4fd0eb5a232ad1e5f2b81c751bfbfcbd0190	3e71bc1996b689233c80516b4b4aff52259c2cdf
exercises/practice/atbash-cipher/.meta/generator.clj	generator	PASS					exercises/practice/atbash-cipher/.meta/generator.clj	4a4c4fd0eb5a232ad1e5f2b81c751bfbfcbd0190	3e71bc1996b689233c80516b4b4aff52259c2cdf
exercises/practice/atbash-cipher/project.clj	project	FAIL	E0101	missing-core-function	1	função não resolvida: defproject	exercises/practice/atbash-cipher/project.clj	4a4c4fd0eb5a232ad1e5f2b81c751bfbfcbd0190	3e71bc1996b689233c80516b4b4aff52259c2cdf
exercises/practice/atbash-cipher/src/atbash_cipher.clj	source	PASS					exercises/practice/atbash-cipher/src/atbash_cipher.clj	4a4c4fd0eb5a232ad1e5f2b81c751bfbfcbd0190	3e71bc1996b689233c80516b4b4aff52259c2cdf
exercises/practice/atbash-cipher/test/atbash_cipher_test.clj	test	FAIL		compiler-other		namespace não encontrado no source-path: clojure.test	exercises/practice/atbash-cipher/test/atbash_cipher_test.clj	4a4c4fd0eb5a232ad1e5f2b81c751bfbfcbd0190	3e71bc1996b689233c80516b4b4aff52259c2cdf
exercises/practice/bank-account/.meta/example.clj	reference	FAIL	E0101	missing-core-function	4	função não resolvida: atom	exercises/practice/bank-account/.meta/example.clj	4a4c4fd0eb5a232ad1e5f2b81c751bfbfcbd0190	3e71bc1996b689233c80516b4b4aff52259c2cdf
exercises/practice/bank-account/project.clj	project	FAIL	E0101	missing-core-function	1	função não resolvida: defproject	exercises/practice/bank-account/project.clj	4a4c4fd0eb5a232ad1e5f2b81c751bfbfcbd0190	3e71bc1996b689233c80516b4b4aff52259c2cdf
exercises/practice/bank-account/src/bank_account.clj	source	PASS					exercises/practice/bank-account/src/bank_account.clj	4a4c4fd0eb5a232ad1e5f2b81c751bfbfcbd0190	3e71bc1996b689233c80516b4b4aff52259c2cdf
exercises/practice/bank-account/test/bank_account_test.clj	test	FAIL		compiler-other		namespace não encontrado no source-path: clojure.test	exercises/practice/bank-account/test/bank_account_test.clj	4a4c4fd0eb5a232ad1e5f2b81c751bfbfcbd0190	3e71bc1996b689233c80516b4b4aff52259c2cdf
exercises/practice/beer-song/.meta/example.clj	reference	FAIL		compiler-other		namespace não encontrado no source-path: clojure.string	exercises/practice/beer-song/.meta/example.clj	4a4c4fd0eb5a232ad1e5f2b81c751bfbfcbd0190	3e71bc1996b689233c80516b4b4aff52259c2cdf
exercises/practice/beer-song/project.clj	project	FAIL	E0101	missing-core-function	1	função não resolvida: defproject	exercises/practice/beer-song/project.clj	4a4c4fd0eb5a232ad1e5f2b81c751bfbfcbd0190	3e71bc1996b689233c80516b4b4aff52259c2cdf
exercises/practice/beer-song/src/beer_song.clj	source	PASS					exercises/practice/beer-song/src/beer_song.clj	4a4c4fd0eb5a232ad1e5f2b81c751bfbfcbd0190	3e71bc1996b689233c80516b4b4aff52259c2cdf
exercises/practice/beer-song/test/beer_song_test.clj	test	FAIL		compiler-other		namespace não encontrado no source-path: clojure.test	exercises/practice/beer-song/test/beer_song_test.clj	4a4c4fd0eb5a232ad1e5f2b81c751bfbfcbd0190	3e71bc1996b689233c80516b4b4aff52259c2cdf
exercises/practice/binary-search-tree/.meta/example.clj	reference	FAIL	E0103	missing-arity	25	aridade errada ao chamar concat: recebeu 3	exercises/practice/binary-search-tree/.meta/example.clj	4a4c4fd0eb5a232ad1e5f2b81c751bfbfcbd0190	3e71bc1996b689233c80516b4b4aff52259c2cdf
exercises/practice/binary-search-tree/project.clj	project	FAIL	E0101	missing-core-function	1	função não resolvida: defproject	exercises/practice/binary-search-tree/project.clj	4a4c4fd0eb5a232ad1e5f2b81c751bfbfcbd0190	3e71bc1996b689233c80516b4b4aff52259c2cdf
exercises/practice/binary-search-tree/src/binary_search_tree.clj	source	PASS					exercises/practice/binary-search-tree/src/binary_search_tree.clj	4a4c4fd0eb5a232ad1e5f2b81c751bfbfcbd0190	3e71bc1996b689233c80516b4b4aff52259c2cdf
exercises/practice/binary-search-tree/test/binary_search_tree_test.clj	test	FAIL		compiler-other		namespace não encontrado no source-path: clojure.test	exercises/practice/binary-search-tree/test/binary_search_tree_test.clj	4a4c4fd0eb5a232ad1e5f2b81c751bfbfcbd0190	3e71bc1996b689233c80516b4b4aff52259c2cdf
exercises/practice/binary-search/.meta/example.clj	reference	PASS					exercises/practice/binary-search/.meta/example.clj	4a4c4fd0eb5a232ad1e5f2b81c751bfbfcbd0190	3e71bc1996b689233c80516b4b4aff52259c2cdf
exercises/practice/binary-search/.meta/generator.clj	generator	FAIL	E0012	reader-regex	6	literal de regex (#"...") não é suportado	exercises/practice/binary-search/.meta/generator.clj	4a4c4fd0eb5a232ad1e5f2b81c751bfbfcbd0190	3e71bc1996b689233c80516b4b4aff52259c2cdf
exercises/practice/binary-search/project.clj	project	FAIL	E0101	missing-core-function	1	função não resolvida: defproject	exercises/practice/binary-search/project.clj	4a4c4fd0eb5a232ad1e5f2b81c751bfbfcbd0190	3e71bc1996b689233c80516b4b4aff52259c2cdf
exercises/practice/binary-search/src/binary_search.clj	source	PASS					exercises/practice/binary-search/src/binary_search.clj	4a4c4fd0eb5a232ad1e5f2b81c751bfbfcbd0190	3e71bc1996b689233c80516b4b4aff52259c2cdf
exercises/practice/binary-search/test/binary_search_test.clj	test	FAIL		compiler-other		namespace não encontrado no source-path: clojure.test	exercises/practice/binary-search/test/binary_search_test.clj	4a4c4fd0eb5a232ad1e5f2b81c751bfbfcbd0190	3e71bc1996b689233c80516b4b4aff52259c2cdf
exercises/practice/binary/.meta/example.clj	reference	FAIL	E0012	reader-regex	17	literal de regex (#"...") não é suportado	exercises/practice/binary/.meta/example.clj	4a4c4fd0eb5a232ad1e5f2b81c751bfbfcbd0190	3e71bc1996b689233c80516b4b4aff52259c2cdf
exercises/practice/binary/project.clj	project	FAIL	E0101	missing-core-function	1	função não resolvida: defproject	exercises/practice/binary/project.clj	4a4c4fd0eb5a232ad1e5f2b81c751bfbfcbd0190	3e71bc1996b689233c80516b4b4aff52259c2cdf
exercises/practice/binary/src/binary.clj	source	PASS					exercises/practice/binary/src/binary.clj	4a4c4fd0eb5a232ad1e5f2b81c751bfbfcbd0190	3e71bc1996b689233c80516b4b4aff52259c2cdf
exercises/practice/binary/test/binary_test.clj	test	FAIL		compiler-other		namespace não encontrado no source-path: clojure.test	exercises/practice/binary/test/binary_test.clj	4a4c4fd0eb5a232ad1e5f2b81c751bfbfcbd0190	3e71bc1996b689233c80516b4b4aff52259c2cdf
exercises/practice/bob/.meta/example.clj	reference	FAIL		compiler-other		namespace não encontrado no source-path: clojure.string	exercises/practice/bob/.meta/example.clj	4a4c4fd0eb5a232ad1e5f2b81c751bfbfcbd0190	3e71bc1996b689233c80516b4b4aff52259c2cdf
exercises/practice/bob/project.clj	project	FAIL	E0101	missing-core-function	1	função não resolvida: defproject	exercises/practice/bob/project.clj	4a4c4fd0eb5a232ad1e5f2b81c751bfbfcbd0190	3e71bc1996b689233c80516b4b4aff52259c2cdf
exercises/practice/bob/src/bob.clj	source	PASS					exercises/practice/bob/src/bob.clj	4a4c4fd0eb5a232ad1e5f2b81c751bfbfcbd0190	3e71bc1996b689233c80516b4b4aff52259c2cdf
exercises/practice/bob/test/bob_test.clj	test	FAIL		compiler-other		namespace não encontrado no source-path: clojure.test	exercises/practice/bob/test/bob_test.clj	4a4c4fd0eb5a232ad1e5f2b81c751bfbfcbd0190	3e71bc1996b689233c80516b4b4aff52259c2cdf
exercises/practice/change/.meta/example.clj	reference	FAIL	E0100	fn-form	10	fn: forma inválida (esperava [params] corpo ou aridades)	exercises/practice/change/.meta/example.clj	4a4c4fd0eb5a232ad1e5f2b81c751bfbfcbd0190	3e71bc1996b689233c80516b4b4aff52259c2cdf
exercises/practice/change/.meta/generator.clj	generator	FAIL	E0101	core-macro	4	função não resolvida: if-let	exercises/practice/change/.meta/generator.clj	4a4c4fd0eb5a232ad1e5f2b81c751bfbfcbd0190	3e71bc1996b689233c80516b4b4aff52259c2cdf
exercises/practice/change/project.clj	project	FAIL	E0101	missing-core-function	1	função não resolvida: defproject	exercises/practice/change/project.clj	4a4c4fd0eb5a232ad1e5f2b81c751bfbfcbd0190	3e71bc1996b689233c80516b4b4aff52259c2cdf
exercises/practice/change/src/change.clj	source	PASS					exercises/practice/change/src/change.clj	4a4c4fd0eb5a232ad1e5f2b81c751bfbfcbd0190	3e71bc1996b689233c80516b4b4aff52259c2cdf
exercises/practice/change/test/change_test.clj	test	FAIL	E0012	reader-regex	57	literal de regex (#"...") não é suportado	exercises/practice/change/test/change_test.clj	4a4c4fd0eb5a232ad1e5f2b81c751bfbfcbd0190	3e71bc1996b689233c80516b4b4aff52259c2cdf
exercises/practice/clock/.meta/example.clj	reference	FAIL	E0101	missing-core-function	14	função não resolvida: format	exercises/practice/clock/.meta/example.clj	4a4c4fd0eb5a232ad1e5f2b81c751bfbfcbd0190	3e71bc1996b689233c80516b4b4aff52259c2cdf
exercises/practice/clock/project.clj	project	FAIL	E0101	missing-core-function	1	função não resolvida: defproject	exercises/practice/clock/project.clj	4a4c4fd0eb5a232ad1e5f2b81c751bfbfcbd0190	3e71bc1996b689233c80516b4b4aff52259c2cdf
exercises/practice/clock/src/clock.clj	source	PASS					exercises/practice/clock/src/clock.clj	4a4c4fd0eb5a232ad1e5f2b81c751bfbfcbd0190	3e71bc1996b689233c80516b4b4aff52259c2cdf
exercises/practice/clock/test/clock_test.clj	test	FAIL		compiler-other		namespace não encontrado no source-path: clock	exercises/practice/clock/test/clock_test.clj	4a4c4fd0eb5a232ad1e5f2b81c751bfbfcbd0190	3e71bc1996b689233c80516b4b4aff52259c2cdf
exercises/practice/collatz-conjecture/.meta/example.clj	reference	FAIL	E0101	missing-core-function	10	função não resolvida: take-while	exercises/practice/collatz-conjecture/.meta/example.clj	4a4c4fd0eb5a232ad1e5f2b81c751bfbfcbd0190	3e71bc1996b689233c80516b4b4aff52259c2cdf
exercises/practice/collatz-conjecture/project.clj	project	FAIL	E0101	missing-core-function	1	função não resolvida: defproject	exercises/practice/collatz-conjecture/project.clj	4a4c4fd0eb5a232ad1e5f2b81c751bfbfcbd0190	3e71bc1996b689233c80516b4b4aff52259c2cdf
exercises/practice/collatz-conjecture/src/collatz_conjecture.clj	source	PASS					exercises/practice/collatz-conjecture/src/collatz_conjecture.clj	4a4c4fd0eb5a232ad1e5f2b81c751bfbfcbd0190	3e71bc1996b689233c80516b4b4aff52259c2cdf
exercises/practice/collatz-conjecture/test/collatz_conjecture_test.clj	test	FAIL		compiler-other		namespace não encontrado no source-path: clojure.test	exercises/practice/collatz-conjecture/test/collatz_conjecture_test.clj	4a4c4fd0eb5a232ad1e5f2b81c751bfbfcbd0190	3e71bc1996b689233c80516b4b4aff52259c2cdf
exercises/practice/complex-numbers/.meta/example.clj	reference	FAIL	E0100	destructuring	3	def/defn só é permitido no nível de topo	exercises/practice/complex-numbers/.meta/example.clj	4a4c4fd0eb5a232ad1e5f2b81c751bfbfcbd0190	3e71bc1996b689233c80516b4b4aff52259c2cdf
exercises/practice/complex-numbers/project.clj	project	FAIL	E0101	missing-core-function	1	função não resolvida: defproject	exercises/practice/complex-numbers/project.clj	4a4c4fd0eb5a232ad1e5f2b81c751bfbfcbd0190	3e71bc1996b689233c80516b4b4aff52259c2cdf
exercises/practice/complex-numbers/src/complex_numbers.clj	source	FAIL	E0100	destructuring	3	def/defn só é permitido no nível de topo	exercises/practice/complex-numbers/src/complex_numbers.clj	4a4c4fd0eb5a232ad1e5f2b81c751bfbfcbd0190	3e71bc1996b689233c80516b4b4aff52259c2cdf
exercises/practice/complex-numbers/test/complex_numbers_test.clj	test	FAIL		compiler-other		namespace não encontrado no source-path: clojure.test	exercises/practice/complex-numbers/test/complex_numbers_test.clj	4a4c4fd0eb5a232ad1e5f2b81c751bfbfcbd0190	3e71bc1996b689233c80516b4b4aff52259c2cdf
exercises/practice/connect/.meta/example.clj	reference	FAIL	E0012	reader-regex	22	literal de regex (#"...") não é suportado	exercises/practice/connect/.meta/example.clj	4a4c4fd0eb5a232ad1e5f2b81c751bfbfcbd0190	3e71bc1996b689233c80516b4b4aff52259c2cdf
exercises/practice/connect/.meta/generator.clj	generator	FAIL		compiler-other		namespace não encontrado no source-path: hbs.helper	exercises/practice/connect/.meta/generator.clj	4a4c4fd0eb5a232ad1e5f2b81c751bfbfcbd0190	3e71bc1996b689233c80516b4b4aff52259c2cdf
exercises/practice/connect/project.clj	project	FAIL	E0101	missing-core-function	1	função não resolvida: defproject	exercises/practice/connect/project.clj	4a4c4fd0eb5a232ad1e5f2b81c751bfbfcbd0190	3e71bc1996b689233c80516b4b4aff52259c2cdf
exercises/practice/connect/src/connect.clj	source	PASS					exercises/practice/connect/src/connect.clj	4a4c4fd0eb5a232ad1e5f2b81c751bfbfcbd0190	3e71bc1996b689233c80516b4b4aff52259c2cdf
exercises/practice/connect/test/connect_test.clj	test	FAIL		compiler-other		namespace não encontrado no source-path: clojure.test	exercises/practice/connect/test/connect_test.clj	4a4c4fd0eb5a232ad1e5f2b81c751bfbfcbd0190	3e71bc1996b689233c80516b4b4aff52259c2cdf
exercises/practice/crypto-square/.meta/example.clj	reference	FAIL	E0012	reader-regex	5	literal de regex (#"...") não é suportado	exercises/practice/crypto-square/.meta/example.clj	4a4c4fd0eb5a232ad1e5f2b81c751bfbfcbd0190	3e71bc1996b689233c80516b4b4aff52259c2cdf
exercises/practice/crypto-square/project.clj	project	FAIL	E0101	missing-core-function	1	função não resolvida: defproject	exercises/practice/crypto-square/project.clj	4a4c4fd0eb5a232ad1e5f2b81c751bfbfcbd0190	3e71bc1996b689233c80516b4b4aff52259c2cdf
exercises/practice/crypto-square/src/crypto_square.clj	source	PASS					exercises/practice/crypto-square/src/crypto_square.clj	4a4c4fd0eb5a232ad1e5f2b81c751bfbfcbd0190	3e71bc1996b689233c80516b4b4aff52259c2cdf
exercises/practice/crypto-square/test/crypto_square_test.clj	test	FAIL		compiler-other		namespace não encontrado no source-path: clojure.test	exercises/practice/crypto-square/test/crypto_square_test.clj	4a4c4fd0eb5a232ad1e5f2b81c751bfbfcbd0190	3e71bc1996b689233c80516b4b4aff52259c2cdf
exercises/practice/darts/.meta/example.clj	reference	FAIL		compiler-other		namespace não encontrado no source-path: clojure.math	exercises/practice/darts/.meta/example.clj	4a4c4fd0eb5a232ad1e5f2b81c751bfbfcbd0190	3e71bc1996b689233c80516b4b4aff52259c2cdf
exercises/practice/darts/project.clj	project	FAIL	E0101	missing-core-function	1	função não resolvida: defproject	exercises/practice/darts/project.clj	4a4c4fd0eb5a232ad1e5f2b81c751bfbfcbd0190	3e71bc1996b689233c80516b4b4aff52259c2cdf
exercises/practice/darts/src/darts.clj	source	PASS					exercises/practice/darts/src/darts.clj	4a4c4fd0eb5a232ad1e5f2b81c751bfbfcbd0190	3e71bc1996b689233c80516b4b4aff52259c2cdf
exercises/practice/darts/test/darts_test.clj	test	FAIL		compiler-other		namespace não encontrado no source-path: clojure.test	exercises/practice/darts/test/darts_test.clj	4a4c4fd0eb5a232ad1e5f2b81c751bfbfcbd0190	3e71bc1996b689233c80516b4b4aff52259c2cdf
exercises/practice/diamond/.meta/example.clj	reference	FAIL		compiler-other		namespace não encontrado no source-path: clojure.string	exercises/practice/diamond/.meta/example.clj	4a4c4fd0eb5a232ad1e5f2b81c751bfbfcbd0190	3e71bc1996b689233c80516b4b4aff52259c2cdf
exercises/practice/diamond/.meta/generator.clj	generator	FAIL	E0101	missing-core-function	4	função não resolvida: update-in	exercises/practice/diamond/.meta/generator.clj	4a4c4fd0eb5a232ad1e5f2b81c751bfbfcbd0190	3e71bc1996b689233c80516b4b4aff52259c2cdf
exercises/practice/diamond/project.clj	project	FAIL	E0101	missing-core-function	1	função não resolvida: defproject	exercises/practice/diamond/project.clj	4a4c4fd0eb5a232ad1e5f2b81c751bfbfcbd0190	3e71bc1996b689233c80516b4b4aff52259c2cdf
exercises/practice/diamond/src/diamond.clj	source	PASS					exercises/practice/diamond/src/diamond.clj	4a4c4fd0eb5a232ad1e5f2b81c751bfbfcbd0190	3e71bc1996b689233c80516b4b4aff52259c2cdf
exercises/practice/diamond/test/diamond_test.clj	test	FAIL		compiler-other		namespace não encontrado no source-path: clojure.test	exercises/practice/diamond/test/diamond_test.clj	4a4c4fd0eb5a232ad1e5f2b81c751bfbfcbd0190	3e71bc1996b689233c80516b4b4aff52259c2cdf
exercises/practice/difference-of-squares/.meta/example.clj	reference	FAIL	E0103	missing-arity	4	aridade errada ao chamar reduce: recebeu 2	exercises/practice/difference-of-squares/.meta/example.clj	4a4c4fd0eb5a232ad1e5f2b81c751bfbfcbd0190	3e71bc1996b689233c80516b4b4aff52259c2cdf
exercises/practice/difference-of-squares/.meta/generator.clj	generator	PASS					exercises/practice/difference-of-squares/.meta/generator.clj	4a4c4fd0eb5a232ad1e5f2b81c751bfbfcbd0190	3e71bc1996b689233c80516b4b4aff52259c2cdf
exercises/practice/difference-of-squares/project.clj	project	FAIL	E0101	missing-core-function	1	função não resolvida: defproject	exercises/practice/difference-of-squares/project.clj	4a4c4fd0eb5a232ad1e5f2b81c751bfbfcbd0190	3e71bc1996b689233c80516b4b4aff52259c2cdf
exercises/practice/difference-of-squares/src/difference_of_squares.clj	source	PASS					exercises/practice/difference-of-squares/src/difference_of_squares.clj	4a4c4fd0eb5a232ad1e5f2b81c751bfbfcbd0190	3e71bc1996b689233c80516b4b4aff52259c2cdf
exercises/practice/difference-of-squares/test/difference_of_squares_test.clj	test	FAIL		compiler-other		namespace não encontrado no source-path: clojure.test	exercises/practice/difference-of-squares/test/difference_of_squares_test.clj	4a4c4fd0eb5a232ad1e5f2b81c751bfbfcbd0190	3e71bc1996b689233c80516b4b4aff52259c2cdf
exercises/practice/dnd-character/.meta/example.clj	reference	FAIL		compiler-other		namespace não encontrado no source-path: clojure.math	exercises/practice/dnd-character/.meta/example.clj	4a4c4fd0eb5a232ad1e5f2b81c751bfbfcbd0190	3e71bc1996b689233c80516b4b4aff52259c2cdf
exercises/practice/dnd-character/.meta/generator.clj	generator	FAIL		compiler-other		namespace não encontrado no source-path: hbs.helper	exercises/practice/dnd-character/.meta/generator.clj	4a4c4fd0eb5a232ad1e5f2b81c751bfbfcbd0190	3e71bc1996b689233c80516b4b4aff52259c2cdf
exercises/practice/dnd-character/project.clj	project	FAIL	E0101	missing-core-function	1	função não resolvida: defproject	exercises/practice/dnd-character/project.clj	4a4c4fd0eb5a232ad1e5f2b81c751bfbfcbd0190	3e71bc1996b689233c80516b4b4aff52259c2cdf
exercises/practice/dnd-character/src/dnd_character.clj	source	PASS					exercises/practice/dnd-character/src/dnd_character.clj	4a4c4fd0eb5a232ad1e5f2b81c751bfbfcbd0190	3e71bc1996b689233c80516b4b4aff52259c2cdf
exercises/practice/dnd-character/test/dnd_character_test.clj	test	FAIL		compiler-other		namespace não encontrado no source-path: clojure.test	exercises/practice/dnd-character/test/dnd_character_test.clj	4a4c4fd0eb5a232ad1e5f2b81c751bfbfcbd0190	3e71bc1996b689233c80516b4b4aff52259c2cdf
exercises/practice/dominoes/.meta/example.clj	reference	FAIL	E0101	core-macro	4	função não resolvida: for	exercises/practice/dominoes/.meta/example.clj	4a4c4fd0eb5a232ad1e5f2b81c751bfbfcbd0190	3e71bc1996b689233c80516b4b4aff52259c2cdf
exercises/practice/dominoes/project.clj	project	FAIL	E0101	missing-core-function	1	função não resolvida: defproject	exercises/practice/dominoes/project.clj	4a4c4fd0eb5a232ad1e5f2b81c751bfbfcbd0190	3e71bc1996b689233c80516b4b4aff52259c2cdf
exercises/practice/dominoes/src/dominoes.clj	source	PASS					exercises/practice/dominoes/src/dominoes.clj	4a4c4fd0eb5a232ad1e5f2b81c751bfbfcbd0190	3e71bc1996b689233c80516b4b4aff52259c2cdf
exercises/practice/dominoes/test/dominoes_test.clj	test	FAIL		compiler-other		namespace não encontrado no source-path: clojure.test	exercises/practice/dominoes/test/dominoes_test.clj	4a4c4fd0eb5a232ad1e5f2b81c751bfbfcbd0190	3e71bc1996b689233c80516b4b4aff52259c2cdf
exercises/practice/eliuds-eggs/.meta/example.clj	reference	FAIL	E0101	missing-core-function	7	função não resolvida: rem	exercises/practice/eliuds-eggs/.meta/example.clj	4a4c4fd0eb5a232ad1e5f2b81c751bfbfcbd0190	3e71bc1996b689233c80516b4b4aff52259c2cdf
exercises/practice/eliuds-eggs/project.clj	project	FAIL	E0101	missing-core-function	1	função não resolvida: defproject	exercises/practice/eliuds-eggs/project.clj	4a4c4fd0eb5a232ad1e5f2b81c751bfbfcbd0190	3e71bc1996b689233c80516b4b4aff52259c2cdf
exercises/practice/eliuds-eggs/src/eliuds_eggs.clj	source	PASS					exercises/practice/eliuds-eggs/src/eliuds_eggs.clj	4a4c4fd0eb5a232ad1e5f2b81c751bfbfcbd0190	3e71bc1996b689233c80516b4b4aff52259c2cdf
exercises/practice/eliuds-eggs/test/eliuds_eggs_test.clj	test	FAIL		compiler-other		namespace não encontrado no source-path: clojure.test	exercises/practice/eliuds-eggs/test/eliuds_eggs_test.clj	4a4c4fd0eb5a232ad1e5f2b81c751bfbfcbd0190	3e71bc1996b689233c80516b4b4aff52259c2cdf
exercises/practice/etl/.meta/example.clj	reference	FAIL		compiler-other		namespace não encontrado no source-path: clojure.string	exercises/practice/etl/.meta/example.clj	4a4c4fd0eb5a232ad1e5f2b81c751bfbfcbd0190	3e71bc1996b689233c80516b4b4aff52259c2cdf
exercises/practice/etl/project.clj	project	FAIL	E0101	missing-core-function	1	função não resolvida: defproject	exercises/practice/etl/project.clj	4a4c4fd0eb5a232ad1e5f2b81c751bfbfcbd0190	3e71bc1996b689233c80516b4b4aff52259c2cdf
exercises/practice/etl/src/etl.clj	source	PASS					exercises/practice/etl/src/etl.clj	4a4c4fd0eb5a232ad1e5f2b81c751bfbfcbd0190	3e71bc1996b689233c80516b4b4aff52259c2cdf
exercises/practice/etl/test/etl_test.clj	test	FAIL		compiler-other		namespace não encontrado no source-path: clojure.test	exercises/practice/etl/test/etl_test.clj	4a4c4fd0eb5a232ad1e5f2b81c751bfbfcbd0190	3e71bc1996b689233c80516b4b4aff52259c2cdf
exercises/practice/flatten-array/.meta/example.clj	reference	FAIL	E0101	missing-symbol	8	símbolo não resolvido: sequential?	exercises/practice/flatten-array/.meta/example.clj	4a4c4fd0eb5a232ad1e5f2b81c751bfbfcbd0190	3e71bc1996b689233c80516b4b4aff52259c2cdf
exercises/practice/flatten-array/.meta/generator.clj	generator	FAIL	E0012	reader-regex	6	literal de regex (#"...") não é suportado	exercises/practice/flatten-array/.meta/generator.clj	4a4c4fd0eb5a232ad1e5f2b81c751bfbfcbd0190	3e71bc1996b689233c80516b4b4aff52259c2cdf
exercises/practice/flatten-array/project.clj	project	FAIL	E0101	missing-core-function	1	função não resolvida: defproject	exercises/practice/flatten-array/project.clj	4a4c4fd0eb5a232ad1e5f2b81c751bfbfcbd0190	3e71bc1996b689233c80516b4b4aff52259c2cdf
exercises/practice/flatten-array/src/flatten_array.clj	source	PASS					exercises/practice/flatten-array/src/flatten_array.clj	4a4c4fd0eb5a232ad1e5f2b81c751bfbfcbd0190	3e71bc1996b689233c80516b4b4aff52259c2cdf
exercises/practice/flatten-array/test/flatten_array_test.clj	test	FAIL		compiler-other		namespace não encontrado no source-path: clojure.test	exercises/practice/flatten-array/test/flatten_array_test.clj	4a4c4fd0eb5a232ad1e5f2b81c751bfbfcbd0190	3e71bc1996b689233c80516b4b4aff52259c2cdf
exercises/practice/flower-field/.meta/example.clj	reference	FAIL	E0010	syntax-quote	7	syntax-quote (`) ainda não é suportado	exercises/practice/flower-field/.meta/example.clj	4a4c4fd0eb5a232ad1e5f2b81c751bfbfcbd0190	3e71bc1996b689233c80516b4b4aff52259c2cdf
exercises/practice/flower-field/project.clj	project	FAIL	E0101	missing-core-function	1	função não resolvida: defproject	exercises/practice/flower-field/project.clj	4a4c4fd0eb5a232ad1e5f2b81c751bfbfcbd0190	3e71bc1996b689233c80516b4b4aff52259c2cdf
exercises/practice/flower-field/src/flower_field.clj	source	PASS					exercises/practice/flower-field/src/flower_field.clj	4a4c4fd0eb5a232ad1e5f2b81c751bfbfcbd0190	3e71bc1996b689233c80516b4b4aff52259c2cdf
exercises/practice/flower-field/test/flower_field_test.clj	test	FAIL		compiler-other		namespace não encontrado no source-path: clojure.test	exercises/practice/flower-field/test/flower_field_test.clj	4a4c4fd0eb5a232ad1e5f2b81c751bfbfcbd0190	3e71bc1996b689233c80516b4b4aff52259c2cdf
exercises/practice/food-chain/.meta/example.clj	reference	FAIL		compiler-other		namespace não encontrado no source-path: clojure.string	exercises/practice/food-chain/.meta/example.clj	4a4c4fd0eb5a232ad1e5f2b81c751bfbfcbd0190	3e71bc1996b689233c80516b4b4aff52259c2cdf
exercises/practice/food-chain/project.clj	project	FAIL	E0101	missing-core-function	1	função não resolvida: defproject	exercises/practice/food-chain/project.clj	4a4c4fd0eb5a232ad1e5f2b81c751bfbfcbd0190	3e71bc1996b689233c80516b4b4aff52259c2cdf
exercises/practice/food-chain/src/food_chain.clj	source	PASS					exercises/practice/food-chain/src/food_chain.clj	4a4c4fd0eb5a232ad1e5f2b81c751bfbfcbd0190	3e71bc1996b689233c80516b4b4aff52259c2cdf
exercises/practice/food-chain/test/food_chain_test.clj	test	FAIL		compiler-other		namespace não encontrado no source-path: clojure.test	exercises/practice/food-chain/test/food_chain_test.clj	4a4c4fd0eb5a232ad1e5f2b81c751bfbfcbd0190	3e71bc1996b689233c80516b4b4aff52259c2cdf
exercises/practice/game-of-life/.meta/example.clj	reference	FAIL	E0101	core-macro	4	função não resolvida: for	exercises/practice/game-of-life/.meta/example.clj	4a4c4fd0eb5a232ad1e5f2b81c751bfbfcbd0190	3e71bc1996b689233c80516b4b4aff52259c2cdf
exercises/practice/game-of-life/project.clj	project	FAIL	E0101	missing-core-function	1	função não resolvida: defproject	exercises/practice/game-of-life/project.clj	4a4c4fd0eb5a232ad1e5f2b81c751bfbfcbd0190	3e71bc1996b689233c80516b4b4aff52259c2cdf
exercises/practice/game-of-life/src/game_of_life.clj	source	PASS					exercises/practice/game-of-life/src/game_of_life.clj	4a4c4fd0eb5a232ad1e5f2b81c751bfbfcbd0190	3e71bc1996b689233c80516b4b4aff52259c2cdf
exercises/practice/game-of-life/test/game_of_life_test.clj	test	FAIL		compiler-other		namespace não encontrado no source-path: clojure.test	exercises/practice/game-of-life/test/game_of_life_test.clj	4a4c4fd0eb5a232ad1e5f2b81c751bfbfcbd0190	3e71bc1996b689233c80516b4b4aff52259c2cdf
exercises/practice/gigasecond/.meta/example.clj	reference	FAIL	E0101	core-macro	22	função não resolvida: letfn	exercises/practice/gigasecond/.meta/example.clj	4a4c4fd0eb5a232ad1e5f2b81c751bfbfcbd0190	3e71bc1996b689233c80516b4b4aff52259c2cdf
exercises/practice/gigasecond/project.clj	project	FAIL	E0101	missing-core-function	1	função não resolvida: defproject	exercises/practice/gigasecond/project.clj	4a4c4fd0eb5a232ad1e5f2b81c751bfbfcbd0190	3e71bc1996b689233c80516b4b4aff52259c2cdf
exercises/practice/gigasecond/src/gigasecond.clj	source	PASS					exercises/practice/gigasecond/src/gigasecond.clj	4a4c4fd0eb5a232ad1e5f2b81c751bfbfcbd0190	3e71bc1996b689233c80516b4b4aff52259c2cdf
exercises/practice/gigasecond/test/gigasecond_test.clj	test	FAIL		compiler-other		namespace não encontrado no source-path: clojure.test	exercises/practice/gigasecond/test/gigasecond_test.clj	4a4c4fd0eb5a232ad1e5f2b81c751bfbfcbd0190	3e71bc1996b689233c80516b4b4aff52259c2cdf
exercises/practice/go-counting/.meta/example.clj	reference	FAIL	E0101	core-macro	4	função não resolvida: for	exercises/practice/go-counting/.meta/example.clj	4a4c4fd0eb5a232ad1e5f2b81c751bfbfcbd0190	3e71bc1996b689233c80516b4b4aff52259c2cdf
exercises/practice/go-counting/project.clj	project	FAIL	E0101	missing-core-function	1	função não resolvida: defproject	exercises/practice/go-counting/project.clj	4a4c4fd0eb5a232ad1e5f2b81c751bfbfcbd0190	3e71bc1996b689233c80516b4b4aff52259c2cdf
exercises/practice/go-counting/src/go_counting.clj	source	FAIL	E0100	destructuring	3	def/defn só é permitido no nível de topo	exercises/practice/go-counting/src/go_counting.clj	4a4c4fd0eb5a232ad1e5f2b81c751bfbfcbd0190	3e71bc1996b689233c80516b4b4aff52259c2cdf
exercises/practice/go-counting/test/go_counting_test.clj	test	FAIL		compiler-other		namespace não encontrado no source-path: clojure.test	exercises/practice/go-counting/test/go_counting_test.clj	4a4c4fd0eb5a232ad1e5f2b81c751bfbfcbd0190	3e71bc1996b689233c80516b4b4aff52259c2cdf
exercises/practice/grade-school/.meta/example.clj	reference	FAIL	E0101	core-macro	18	função não resolvida: for	exercises/practice/grade-school/.meta/example.clj	4a4c4fd0eb5a232ad1e5f2b81c751bfbfcbd0190	3e71bc1996b689233c80516b4b4aff52259c2cdf
exercises/practice/grade-school/project.clj	project	FAIL	E0101	missing-core-function	1	função não resolvida: defproject	exercises/practice/grade-school/project.clj	4a4c4fd0eb5a232ad1e5f2b81c751bfbfcbd0190	3e71bc1996b689233c80516b4b4aff52259c2cdf
exercises/practice/grade-school/src/grade_school.clj	source	PASS					exercises/practice/grade-school/src/grade_school.clj	4a4c4fd0eb5a232ad1e5f2b81c751bfbfcbd0190	3e71bc1996b689233c80516b4b4aff52259c2cdf
exercises/practice/grade-school/test/grade_school_test.clj	test	FAIL		compiler-other		namespace não encontrado no source-path: clojure.test	exercises/practice/grade-school/test/grade_school_test.clj	4a4c4fd0eb5a232ad1e5f2b81c751bfbfcbd0190	3e71bc1996b689233c80516b4b4aff52259c2cdf
exercises/practice/grains/.meta/example.clj	reference	FAIL	E0100	quote	9	quote ainda não é compilável	exercises/practice/grains/.meta/example.clj	4a4c4fd0eb5a232ad1e5f2b81c751bfbfcbd0190	3e71bc1996b689233c80516b4b4aff52259c2cdf
exercises/practice/grains/.meta/generator.clj	generator	PASS					exercises/practice/grains/.meta/generator.clj	4a4c4fd0eb5a232ad1e5f2b81c751bfbfcbd0190	3e71bc1996b689233c80516b4b4aff52259c2cdf
exercises/practice/grains/project.clj	project	FAIL	E0101	missing-core-function	1	função não resolvida: defproject	exercises/practice/grains/project.clj	4a4c4fd0eb5a232ad1e5f2b81c751bfbfcbd0190	3e71bc1996b689233c80516b4b4aff52259c2cdf
exercises/practice/grains/src/grains.clj	source	PASS					exercises/practice/grains/src/grains.clj	4a4c4fd0eb5a232ad1e5f2b81c751bfbfcbd0190	3e71bc1996b689233c80516b4b4aff52259c2cdf
exercises/practice/grains/test/grains_test.clj	test	FAIL		compiler-other		namespace não encontrado no source-path: clojure.test	exercises/practice/grains/test/grains_test.clj	4a4c4fd0eb5a232ad1e5f2b81c751bfbfcbd0190	3e71bc1996b689233c80516b4b4aff52259c2cdf
exercises/practice/hamming/.meta/example.clj	reference	FAIL	E0101	missing-symbol	5	símbolo não resolvido: true?	exercises/practice/hamming/.meta/example.clj	4a4c4fd0eb5a232ad1e5f2b81c751bfbfcbd0190	3e71bc1996b689233c80516b4b4aff52259c2cdf
exercises/practice/hamming/.meta/generator.clj	generator	FAIL	E0101	core-macro	4	função não resolvida: if-let	exercises/practice/hamming/.meta/generator.clj	4a4c4fd0eb5a232ad1e5f2b81c751bfbfcbd0190	3e71bc1996b689233c80516b4b4aff52259c2cdf
exercises/practice/hamming/project.clj	project	FAIL	E0101	missing-core-function	1	função não resolvida: defproject	exercises/practice/hamming/project.clj	4a4c4fd0eb5a232ad1e5f2b81c751bfbfcbd0190	3e71bc1996b689233c80516b4b4aff52259c2cdf
exercises/practice/hamming/src/hamming.clj	source	PASS					exercises/practice/hamming/src/hamming.clj	4a4c4fd0eb5a232ad1e5f2b81c751bfbfcbd0190	3e71bc1996b689233c80516b4b4aff52259c2cdf
exercises/practice/hamming/test/hamming_test.clj	test	FAIL	E0012	reader-regex	27	literal de regex (#"...") não é suportado	exercises/practice/hamming/test/hamming_test.clj	4a4c4fd0eb5a232ad1e5f2b81c751bfbfcbd0190	3e71bc1996b689233c80516b4b4aff52259c2cdf
exercises/practice/hello-world/.meta/example.clj	reference	PASS					exercises/practice/hello-world/.meta/example.clj	4a4c4fd0eb5a232ad1e5f2b81c751bfbfcbd0190	3e71bc1996b689233c80516b4b4aff52259c2cdf
exercises/practice/hello-world/project.clj	project	FAIL	E0101	missing-core-function	1	função não resolvida: defproject	exercises/practice/hello-world/project.clj	4a4c4fd0eb5a232ad1e5f2b81c751bfbfcbd0190	3e71bc1996b689233c80516b4b4aff52259c2cdf
exercises/practice/hello-world/src/hello_world.clj	source	PASS					exercises/practice/hello-world/src/hello_world.clj	4a4c4fd0eb5a232ad1e5f2b81c751bfbfcbd0190	3e71bc1996b689233c80516b4b4aff52259c2cdf
exercises/practice/hello-world/test/hello_world_test.clj	test	FAIL		compiler-other		namespace não encontrado no source-path: clojure.test	exercises/practice/hello-world/test/hello_world_test.clj	4a4c4fd0eb5a232ad1e5f2b81c751bfbfcbd0190	3e71bc1996b689233c80516b4b4aff52259c2cdf
exercises/practice/hexadecimal/.meta/example.clj	reference	FAIL	E0101	missing-core-function	7	função não resolvida: partial	exercises/practice/hexadecimal/.meta/example.clj	4a4c4fd0eb5a232ad1e5f2b81c751bfbfcbd0190	3e71bc1996b689233c80516b4b4aff52259c2cdf
exercises/practice/hexadecimal/project.clj	project	FAIL	E0101	missing-core-function	1	função não resolvida: defproject	exercises/practice/hexadecimal/project.clj	4a4c4fd0eb5a232ad1e5f2b81c751bfbfcbd0190	3e71bc1996b689233c80516b4b4aff52259c2cdf
exercises/practice/hexadecimal/src/hexadecimal.clj	source	PASS					exercises/practice/hexadecimal/src/hexadecimal.clj	4a4c4fd0eb5a232ad1e5f2b81c751bfbfcbd0190	3e71bc1996b689233c80516b4b4aff52259c2cdf
exercises/practice/hexadecimal/test/hexadecimal_test.clj	test	FAIL		compiler-other		namespace não encontrado no source-path: clojure.test	exercises/practice/hexadecimal/test/hexadecimal_test.clj	4a4c4fd0eb5a232ad1e5f2b81c751bfbfcbd0190	3e71bc1996b689233c80516b4b4aff52259c2cdf
exercises/practice/high-scores/.meta/example.clj	reference	FAIL	E0101	missing-core-function	6	função não resolvida: sort	exercises/practice/high-scores/.meta/example.clj	4a4c4fd0eb5a232ad1e5f2b81c751bfbfcbd0190	3e71bc1996b689233c80516b4b4aff52259c2cdf
exercises/practice/high-scores/.meta/generator.clj	generator	FAIL	E0101	missing-core-function	4	função não resolvida: update-in	exercises/practice/high-scores/.meta/generator.clj	4a4c4fd0eb5a232ad1e5f2b81c751bfbfcbd0190	3e71bc1996b689233c80516b4b4aff52259c2cdf
exercises/practice/high-scores/project.clj	project	FAIL	E0101	missing-core-function	1	função não resolvida: defproject	exercises/practice/high-scores/project.clj	4a4c4fd0eb5a232ad1e5f2b81c751bfbfcbd0190	3e71bc1996b689233c80516b4b4aff52259c2cdf
exercises/practice/high-scores/src/high_scores.clj	source	PASS					exercises/practice/high-scores/src/high_scores.clj	4a4c4fd0eb5a232ad1e5f2b81c751bfbfcbd0190	3e71bc1996b689233c80516b4b4aff52259c2cdf
exercises/practice/high-scores/test/high_scores_test.clj	test	FAIL		compiler-other		namespace não encontrado no source-path: clojure.test	exercises/practice/high-scores/test/high_scores_test.clj	4a4c4fd0eb5a232ad1e5f2b81c751bfbfcbd0190	3e71bc1996b689233c80516b4b4aff52259c2cdf
exercises/practice/isbn-verifier/.meta/example.clj	reference	FAIL	E0012	reader-regex	20	literal de regex (#"...") não é suportado	exercises/practice/isbn-verifier/.meta/example.clj	4a4c4fd0eb5a232ad1e5f2b81c751bfbfcbd0190	3e71bc1996b689233c80516b4b4aff52259c2cdf
exercises/practice/isbn-verifier/project.clj	project	FAIL	E0101	missing-core-function	1	função não resolvida: defproject	exercises/practice/isbn-verifier/project.clj	4a4c4fd0eb5a232ad1e5f2b81c751bfbfcbd0190	3e71bc1996b689233c80516b4b4aff52259c2cdf
exercises/practice/isbn-verifier/src/isbn_verifier.clj	source	PASS					exercises/practice/isbn-verifier/src/isbn_verifier.clj	4a4c4fd0eb5a232ad1e5f2b81c751bfbfcbd0190	3e71bc1996b689233c80516b4b4aff52259c2cdf
exercises/practice/isbn-verifier/test/isbn_verifier_test.clj	test	FAIL		compiler-other		namespace não encontrado no source-path: clojure.test	exercises/practice/isbn-verifier/test/isbn_verifier_test.clj	4a4c4fd0eb5a232ad1e5f2b81c751bfbfcbd0190	3e71bc1996b689233c80516b4b4aff52259c2cdf
exercises/practice/isogram/.meta/example.clj	reference	FAIL	E0101	missing-core-function	5	função não resolvida: frequencies	exercises/practice/isogram/.meta/example.clj	4a4c4fd0eb5a232ad1e5f2b81c751bfbfcbd0190	3e71bc1996b689233c80516b4b4aff52259c2cdf
exercises/practice/isogram/project.clj	project	FAIL	E0101	missing-core-function	1	função não resolvida: defproject	exercises/practice/isogram/project.clj	4a4c4fd0eb5a232ad1e5f2b81c751bfbfcbd0190	3e71bc1996b689233c80516b4b4aff52259c2cdf
exercises/practice/isogram/src/isogram.clj	source	PASS					exercises/practice/isogram/src/isogram.clj	4a4c4fd0eb5a232ad1e5f2b81c751bfbfcbd0190	3e71bc1996b689233c80516b4b4aff52259c2cdf
exercises/practice/isogram/test/isogram_test.clj	test	FAIL		compiler-other		namespace não encontrado no source-path: clojure.test	exercises/practice/isogram/test/isogram_test.clj	4a4c4fd0eb5a232ad1e5f2b81c751bfbfcbd0190	3e71bc1996b689233c80516b4b4aff52259c2cdf
exercises/practice/killer-sudoku-helper/.meta/example.clj	reference	FAIL	E0103	missing-arity	3	aridade errada ao chamar range: recebeu 2	exercises/practice/killer-sudoku-helper/.meta/example.clj	4a4c4fd0eb5a232ad1e5f2b81c751bfbfcbd0190	3e71bc1996b689233c80516b4b4aff52259c2cdf
exercises/practice/killer-sudoku-helper/project.clj	project	FAIL	E0101	missing-core-function	1	função não resolvida: defproject	exercises/practice/killer-sudoku-helper/project.clj	4a4c4fd0eb5a232ad1e5f2b81c751bfbfcbd0190	3e71bc1996b689233c80516b4b4aff52259c2cdf
exercises/practice/killer-sudoku-helper/src/killer_sudoku_helper.clj	source	PASS					exercises/practice/killer-sudoku-helper/src/killer_sudoku_helper.clj	4a4c4fd0eb5a232ad1e5f2b81c751bfbfcbd0190	3e71bc1996b689233c80516b4b4aff52259c2cdf
exercises/practice/killer-sudoku-helper/test/killer_sudoku_helper_test.clj	test	FAIL		compiler-other		namespace não encontrado no source-path: clojure.test	exercises/practice/killer-sudoku-helper/test/killer_sudoku_helper_test.clj	4a4c4fd0eb5a232ad1e5f2b81c751bfbfcbd0190	3e71bc1996b689233c80516b4b4aff52259c2cdf
exercises/practice/kindergarten-garden/.meta/example.clj	reference	FAIL	E0101	missing-core-function	12	função não resolvida: split-lines	exercises/practice/kindergarten-garden/.meta/example.clj	4a4c4fd0eb5a232ad1e5f2b81c751bfbfcbd0190	3e71bc1996b689233c80516b4b4aff52259c2cdf
exercises/practice/kindergarten-garden/project.clj	project	FAIL	E0101	missing-core-function	1	função não resolvida: defproject	exercises/practice/kindergarten-garden/project.clj	4a4c4fd0eb5a232ad1e5f2b81c751bfbfcbd0190	3e71bc1996b689233c80516b4b4aff52259c2cdf
exercises/practice/kindergarten-garden/src/kindergarten_garden.clj	source	PASS					exercises/practice/kindergarten-garden/src/kindergarten_garden.clj	4a4c4fd0eb5a232ad1e5f2b81c751bfbfcbd0190	3e71bc1996b689233c80516b4b4aff52259c2cdf
exercises/practice/kindergarten-garden/test/kindergarten_garden_test.clj	test	FAIL		compiler-other		namespace não encontrado no source-path: clojure.test	exercises/practice/kindergarten-garden/test/kindergarten_garden_test.clj	4a4c4fd0eb5a232ad1e5f2b81c751bfbfcbd0190	3e71bc1996b689233c80516b4b4aff52259c2cdf
exercises/practice/knapsack/.meta/example.clj	reference	PASS					exercises/practice/knapsack/.meta/example.clj	4a4c4fd0eb5a232ad1e5f2b81c751bfbfcbd0190	3e71bc1996b689233c80516b4b4aff52259c2cdf
exercises/practice/knapsack/.meta/generator.clj	generator	FAIL		compiler-other		namespace não encontrado no source-path: hbs.helper	exercises/practice/knapsack/.meta/generator.clj	4a4c4fd0eb5a232ad1e5f2b81c751bfbfcbd0190	3e71bc1996b689233c80516b4b4aff52259c2cdf
exercises/practice/knapsack/project.clj	project	FAIL	E0101	missing-core-function	1	função não resolvida: defproject	exercises/practice/knapsack/project.clj	4a4c4fd0eb5a232ad1e5f2b81c751bfbfcbd0190	3e71bc1996b689233c80516b4b4aff52259c2cdf
exercises/practice/knapsack/src/knapsack.clj	source	PASS					exercises/practice/knapsack/src/knapsack.clj	4a4c4fd0eb5a232ad1e5f2b81c751bfbfcbd0190	3e71bc1996b689233c80516b4b4aff52259c2cdf
exercises/practice/knapsack/test/knapsack_test.clj	test	FAIL		compiler-other		namespace não encontrado no source-path: clojure.test	exercises/practice/knapsack/test/knapsack_test.clj	4a4c4fd0eb5a232ad1e5f2b81c751bfbfcbd0190	3e71bc1996b689233c80516b4b4aff52259c2cdf
exercises/practice/largest-series-product/.meta/example.clj	reference	FAIL	E0101	exception-constructor	6	função não resolvida: IllegalArgumentException.	exercises/practice/largest-series-product/.meta/example.clj	4a4c4fd0eb5a232ad1e5f2b81c751bfbfcbd0190	3e71bc1996b689233c80516b4b4aff52259c2cdf
exercises/practice/largest-series-product/.meta/generator.clj	generator	FAIL	E0101	core-macro	4	função não resolvida: if-let	exercises/practice/largest-series-product/.meta/generator.clj	4a4c4fd0eb5a232ad1e5f2b81c751bfbfcbd0190	3e71bc1996b689233c80516b4b4aff52259c2cdf
exercises/practice/largest-series-product/project.clj	project	FAIL	E0101	missing-core-function	1	função não resolvida: defproject	exercises/practice/largest-series-product/project.clj	4a4c4fd0eb5a232ad1e5f2b81c751bfbfcbd0190	3e71bc1996b689233c80516b4b4aff52259c2cdf
exercises/practice/largest-series-product/src/largest_series_product.clj	source	PASS					exercises/practice/largest-series-product/src/largest_series_product.clj	4a4c4fd0eb5a232ad1e5f2b81c751bfbfcbd0190	3e71bc1996b689233c80516b4b4aff52259c2cdf
exercises/practice/largest-series-product/test/largest_series_product_test.clj	test	FAIL	E0012	reader-regex	43	literal de regex (#"...") não é suportado	exercises/practice/largest-series-product/test/largest_series_product_test.clj	4a4c4fd0eb5a232ad1e5f2b81c751bfbfcbd0190	3e71bc1996b689233c80516b4b4aff52259c2cdf
exercises/practice/leap/.meta/example.clj	reference	FAIL	E0100	destructuring	4	let: binding deve ser símbolo simples (sem destructuring)	exercises/practice/leap/.meta/example.clj	4a4c4fd0eb5a232ad1e5f2b81c751bfbfcbd0190	3e71bc1996b689233c80516b4b4aff52259c2cdf
exercises/practice/leap/project.clj	project	FAIL	E0101	missing-core-function	1	função não resolvida: defproject	exercises/practice/leap/project.clj	4a4c4fd0eb5a232ad1e5f2b81c751bfbfcbd0190	3e71bc1996b689233c80516b4b4aff52259c2cdf
exercises/practice/leap/src/leap.clj	source	PASS					exercises/practice/leap/src/leap.clj	4a4c4fd0eb5a232ad1e5f2b81c751bfbfcbd0190	3e71bc1996b689233c80516b4b4aff52259c2cdf
exercises/practice/leap/test/leap_test.clj	test	FAIL		compiler-other		namespace não encontrado no source-path: clojure.test	exercises/practice/leap/test/leap_test.clj	4a4c4fd0eb5a232ad1e5f2b81c751bfbfcbd0190	3e71bc1996b689233c80516b4b4aff52259c2cdf
exercises/practice/list-ops/.meta/example.clj	reference	FAIL	E0101	missing-core-function	3	função não resolvida: declare	exercises/practice/list-ops/.meta/example.clj	4a4c4fd0eb5a232ad1e5f2b81c751bfbfcbd0190	3e71bc1996b689233c80516b4b4aff52259c2cdf
exercises/practice/list-ops/.meta/generator.clj	generator	FAIL	E0012	reader-regex	6	literal de regex (#"...") não é suportado	exercises/practice/list-ops/.meta/generator.clj	4a4c4fd0eb5a232ad1e5f2b81c751bfbfcbd0190	3e71bc1996b689233c80516b4b4aff52259c2cdf
exercises/practice/list-ops/project.clj	project	FAIL	E0101	missing-core-function	1	função não resolvida: defproject	exercises/practice/list-ops/project.clj	4a4c4fd0eb5a232ad1e5f2b81c751bfbfcbd0190	3e71bc1996b689233c80516b4b4aff52259c2cdf
exercises/practice/list-ops/src/list_ops.clj	source	PASS					exercises/practice/list-ops/src/list_ops.clj	4a4c4fd0eb5a232ad1e5f2b81c751bfbfcbd0190	3e71bc1996b689233c80516b4b4aff52259c2cdf
exercises/practice/list-ops/test/list_ops_test.clj	test	FAIL		compiler-other		namespace não encontrado no source-path: clojure.test	exercises/practice/list-ops/test/list_ops_test.clj	4a4c4fd0eb5a232ad1e5f2b81c751bfbfcbd0190	3e71bc1996b689233c80516b4b4aff52259c2cdf
exercises/practice/luhn/.meta/example.clj	reference	FAIL	E0101	missing-core-function	5	função não resolvida: digit	exercises/practice/luhn/.meta/example.clj	4a4c4fd0eb5a232ad1e5f2b81c751bfbfcbd0190	3e71bc1996b689233c80516b4b4aff52259c2cdf
exercises/practice/luhn/project.clj	project	FAIL	E0101	missing-core-function	1	função não resolvida: defproject	exercises/practice/luhn/project.clj	4a4c4fd0eb5a232ad1e5f2b81c751bfbfcbd0190	3e71bc1996b689233c80516b4b4aff52259c2cdf
exercises/practice/luhn/src/luhn.clj	source	PASS					exercises/practice/luhn/src/luhn.clj	4a4c4fd0eb5a232ad1e5f2b81c751bfbfcbd0190	3e71bc1996b689233c80516b4b4aff52259c2cdf
exercises/practice/luhn/test/luhn_test.clj	test	FAIL		compiler-other		namespace não encontrado no source-path: clojure.test	exercises/practice/luhn/test/luhn_test.clj	4a4c4fd0eb5a232ad1e5f2b81c751bfbfcbd0190	3e71bc1996b689233c80516b4b4aff52259c2cdf
exercises/practice/matching-brackets/.meta/example.clj	reference	FAIL	E0100	destructuring	7	loop: binding deve ser símbolo simples	exercises/practice/matching-brackets/.meta/example.clj	4a4c4fd0eb5a232ad1e5f2b81c751bfbfcbd0190	3e71bc1996b689233c80516b4b4aff52259c2cdf
exercises/practice/matching-brackets/project.clj	project	FAIL	E0101	missing-core-function	1	função não resolvida: defproject	exercises/practice/matching-brackets/project.clj	4a4c4fd0eb5a232ad1e5f2b81c751bfbfcbd0190	3e71bc1996b689233c80516b4b4aff52259c2cdf
exercises/practice/matching-brackets/src/matching_brackets.clj	source	PASS					exercises/practice/matching-brackets/src/matching_brackets.clj	4a4c4fd0eb5a232ad1e5f2b81c751bfbfcbd0190	3e71bc1996b689233c80516b4b4aff52259c2cdf
exercises/practice/matching-brackets/test/matching_brackets_test.clj	test	FAIL		compiler-other		namespace não encontrado no source-path: clojure.test	exercises/practice/matching-brackets/test/matching_brackets_test.clj	4a4c4fd0eb5a232ad1e5f2b81c751bfbfcbd0190	3e71bc1996b689233c80516b4b4aff52259c2cdf
exercises/practice/matrix/.meta/example.clj	reference	FAIL	E0012	reader-regex	8	literal de regex (#"...") não é suportado	exercises/practice/matrix/.meta/example.clj	4a4c4fd0eb5a232ad1e5f2b81c751bfbfcbd0190	3e71bc1996b689233c80516b4b4aff52259c2cdf
exercises/practice/matrix/project.clj	project	FAIL	E0101	missing-core-function	1	função não resolvida: defproject	exercises/practice/matrix/project.clj	4a4c4fd0eb5a232ad1e5f2b81c751bfbfcbd0190	3e71bc1996b689233c80516b4b4aff52259c2cdf
exercises/practice/matrix/src/matrix.clj	source	PASS					exercises/practice/matrix/src/matrix.clj	4a4c4fd0eb5a232ad1e5f2b81c751bfbfcbd0190	3e71bc1996b689233c80516b4b4aff52259c2cdf
exercises/practice/matrix/test/matrix_test.clj	test	FAIL		compiler-other		namespace não encontrado no source-path: clojure.test	exercises/practice/matrix/test/matrix_test.clj	4a4c4fd0eb5a232ad1e5f2b81c751bfbfcbd0190	3e71bc1996b689233c80516b4b4aff52259c2cdf
exercises/practice/meetup/.meta/example.clj	reference	FAIL	E0101	missing-core-function	32	função não resolvida: get-in	exercises/practice/meetup/.meta/example.clj	4a4c4fd0eb5a232ad1e5f2b81c751bfbfcbd0190	3e71bc1996b689233c80516b4b4aff52259c2cdf
exercises/practice/meetup/project.clj	project	FAIL	E0101	missing-core-function	1	função não resolvida: defproject	exercises/practice/meetup/project.clj	4a4c4fd0eb5a232ad1e5f2b81c751bfbfcbd0190	3e71bc1996b689233c80516b4b4aff52259c2cdf
exercises/practice/meetup/src/meetup.clj	source	PASS					exercises/practice/meetup/src/meetup.clj	4a4c4fd0eb5a232ad1e5f2b81c751bfbfcbd0190	3e71bc1996b689233c80516b4b4aff52259c2cdf
exercises/practice/meetup/test/meetup_test.clj	test	FAIL		compiler-other		namespace não encontrado no source-path: clojure.test	exercises/practice/meetup/test/meetup_test.clj	4a4c4fd0eb5a232ad1e5f2b81c751bfbfcbd0190	3e71bc1996b689233c80516b4b4aff52259c2cdf
exercises/practice/minesweeper/.meta/example.clj	reference	FAIL	E0010	syntax-quote	7	syntax-quote (`) ainda não é suportado	exercises/practice/minesweeper/.meta/example.clj	4a4c4fd0eb5a232ad1e5f2b81c751bfbfcbd0190	3e71bc1996b689233c80516b4b4aff52259c2cdf
exercises/practice/minesweeper/project.clj	project	FAIL	E0101	missing-core-function	1	função não resolvida: defproject	exercises/practice/minesweeper/project.clj	4a4c4fd0eb5a232ad1e5f2b81c751bfbfcbd0190	3e71bc1996b689233c80516b4b4aff52259c2cdf
exercises/practice/minesweeper/src/minesweeper.clj	source	PASS					exercises/practice/minesweeper/src/minesweeper.clj	4a4c4fd0eb5a232ad1e5f2b81c751bfbfcbd0190	3e71bc1996b689233c80516b4b4aff52259c2cdf
exercises/practice/minesweeper/test/minesweeper_test.clj	test	FAIL		compiler-other		namespace não encontrado no source-path: clojure.test	exercises/practice/minesweeper/test/minesweeper_test.clj	4a4c4fd0eb5a232ad1e5f2b81c751bfbfcbd0190	3e71bc1996b689233c80516b4b4aff52259c2cdf
exercises/practice/nth-prime/.meta/example.clj	reference	FAIL		compiler-other		namespace não encontrado no source-path: clojure.math	exercises/practice/nth-prime/.meta/example.clj	4a4c4fd0eb5a232ad1e5f2b81c751bfbfcbd0190	3e71bc1996b689233c80516b4b4aff52259c2cdf
exercises/practice/nth-prime/.meta/generator.clj	generator	FAIL	E0101	core-macro	4	função não resolvida: if-let	exercises/practice/nth-prime/.meta/generator.clj	4a4c4fd0eb5a232ad1e5f2b81c751bfbfcbd0190	3e71bc1996b689233c80516b4b4aff52259c2cdf
exercises/practice/nth-prime/project.clj	project	FAIL	E0101	missing-core-function	1	função não resolvida: defproject	exercises/practice/nth-prime/project.clj	4a4c4fd0eb5a232ad1e5f2b81c751bfbfcbd0190	3e71bc1996b689233c80516b4b4aff52259c2cdf
exercises/practice/nth-prime/src/nth_prime.clj	source	PASS					exercises/practice/nth-prime/src/nth_prime.clj	4a4c4fd0eb5a232ad1e5f2b81c751bfbfcbd0190	3e71bc1996b689233c80516b4b4aff52259c2cdf
exercises/practice/nth-prime/test/nth_prime_test.clj	test	FAIL		compiler-other		namespace não encontrado no source-path: clojure.test	exercises/practice/nth-prime/test/nth_prime_test.clj	4a4c4fd0eb5a232ad1e5f2b81c751bfbfcbd0190	3e71bc1996b689233c80516b4b4aff52259c2cdf
exercises/practice/nucleotide-count/.meta/example.clj	reference	FAIL	E0101	missing-core-function	6	função não resolvida: zipmap	exercises/practice/nucleotide-count/.meta/example.clj	4a4c4fd0eb5a232ad1e5f2b81c751bfbfcbd0190	3e71bc1996b689233c80516b4b4aff52259c2cdf
exercises/practice/nucleotide-count/project.clj	project	FAIL	E0101	missing-core-function	1	função não resolvida: defproject	exercises/practice/nucleotide-count/project.clj	4a4c4fd0eb5a232ad1e5f2b81c751bfbfcbd0190	3e71bc1996b689233c80516b4b4aff52259c2cdf
exercises/practice/nucleotide-count/src/nucleotide_count.clj	source	PASS					exercises/practice/nucleotide-count/src/nucleotide_count.clj	4a4c4fd0eb5a232ad1e5f2b81c751bfbfcbd0190	3e71bc1996b689233c80516b4b4aff52259c2cdf
exercises/practice/nucleotide-count/test/nucleotide_count_test.clj	test	FAIL		compiler-other		namespace não encontrado no source-path: clojure.test	exercises/practice/nucleotide-count/test/nucleotide_count_test.clj	4a4c4fd0eb5a232ad1e5f2b81c751bfbfcbd0190	3e71bc1996b689233c80516b4b4aff52259c2cdf
exercises/practice/octal/.meta/example.clj	reference	FAIL	E0101	java-interop	7	função não resolvida: .compareTo	exercises/practice/octal/.meta/example.clj	4a4c4fd0eb5a232ad1e5f2b81c751bfbfcbd0190	3e71bc1996b689233c80516b4b4aff52259c2cdf
exercises/practice/octal/project.clj	project	FAIL	E0101	missing-core-function	1	função não resolvida: defproject	exercises/practice/octal/project.clj	4a4c4fd0eb5a232ad1e5f2b81c751bfbfcbd0190	3e71bc1996b689233c80516b4b4aff52259c2cdf
exercises/practice/octal/src/octal.clj	source	PASS					exercises/practice/octal/src/octal.clj	4a4c4fd0eb5a232ad1e5f2b81c751bfbfcbd0190	3e71bc1996b689233c80516b4b4aff52259c2cdf
exercises/practice/octal/test/octal_test.clj	test	FAIL		compiler-other		namespace não encontrado no source-path: clojure.test	exercises/practice/octal/test/octal_test.clj	4a4c4fd0eb5a232ad1e5f2b81c751bfbfcbd0190	3e71bc1996b689233c80516b4b4aff52259c2cdf
exercises/practice/pangram/.meta/example.clj	reference	FAIL	E0103	missing-arity	6	aridade errada ao chamar into: recebeu 3	exercises/practice/pangram/.meta/example.clj	4a4c4fd0eb5a232ad1e5f2b81c751bfbfcbd0190	3e71bc1996b689233c80516b4b4aff52259c2cdf
exercises/practice/pangram/project.clj	project	FAIL	E0101	missing-core-function	1	função não resolvida: defproject	exercises/practice/pangram/project.clj	4a4c4fd0eb5a232ad1e5f2b81c751bfbfcbd0190	3e71bc1996b689233c80516b4b4aff52259c2cdf
exercises/practice/pangram/src/pangram.clj	source	PASS					exercises/practice/pangram/src/pangram.clj	4a4c4fd0eb5a232ad1e5f2b81c751bfbfcbd0190	3e71bc1996b689233c80516b4b4aff52259c2cdf
exercises/practice/pangram/test/pangram_test.clj	test	FAIL		compiler-other		namespace não encontrado no source-path: clojure.test	exercises/practice/pangram/test/pangram_test.clj	4a4c4fd0eb5a232ad1e5f2b81c751bfbfcbd0190	3e71bc1996b689233c80516b4b4aff52259c2cdf
exercises/practice/pascals-triangle/.meta/example.clj	reference	FAIL	E0003	symbol-apostrophe	5	delimitador inesperado `)`	exercises/practice/pascals-triangle/.meta/example.clj	4a4c4fd0eb5a232ad1e5f2b81c751bfbfcbd0190	3e71bc1996b689233c80516b4b4aff52259c2cdf
exercises/practice/pascals-triangle/project.clj	project	FAIL	E0101	missing-core-function	1	função não resolvida: defproject	exercises/practice/pascals-triangle/project.clj	4a4c4fd0eb5a232ad1e5f2b81c751bfbfcbd0190	3e71bc1996b689233c80516b4b4aff52259c2cdf
exercises/practice/pascals-triangle/src/pascals_triangle.clj	source	FAIL	E0100	top-level-def	3	def/defn só é permitido no nível de topo	exercises/practice/pascals-triangle/src/pascals_triangle.clj	4a4c4fd0eb5a232ad1e5f2b81c751bfbfcbd0190	3e71bc1996b689233c80516b4b4aff52259c2cdf
exercises/practice/pascals-triangle/test/pascals_triangle_test.clj	test	FAIL		compiler-other		namespace não encontrado no source-path: clojure.test	exercises/practice/pascals-triangle/test/pascals_triangle_test.clj	4a4c4fd0eb5a232ad1e5f2b81c751bfbfcbd0190	3e71bc1996b689233c80516b4b4aff52259c2cdf
exercises/practice/perfect-numbers/.meta/example.clj	reference	FAIL		compiler-other		namespace não encontrado no source-path: clojure.math	exercises/practice/perfect-numbers/.meta/example.clj	4a4c4fd0eb5a232ad1e5f2b81c751bfbfcbd0190	3e71bc1996b689233c80516b4b4aff52259c2cdf
exercises/practice/perfect-numbers/.meta/generator.clj	generator	FAIL		compiler-other		namespace não encontrado no source-path: hbs.helper	exercises/practice/perfect-numbers/.meta/generator.clj	4a4c4fd0eb5a232ad1e5f2b81c751bfbfcbd0190	3e71bc1996b689233c80516b4b4aff52259c2cdf
exercises/practice/perfect-numbers/project.clj	project	FAIL	E0101	missing-core-function	1	função não resolvida: defproject	exercises/practice/perfect-numbers/project.clj	4a4c4fd0eb5a232ad1e5f2b81c751bfbfcbd0190	3e71bc1996b689233c80516b4b4aff52259c2cdf
exercises/practice/perfect-numbers/src/perfect_numbers.clj	source	PASS					exercises/practice/perfect-numbers/src/perfect_numbers.clj	4a4c4fd0eb5a232ad1e5f2b81c751bfbfcbd0190	3e71bc1996b689233c80516b4b4aff52259c2cdf
exercises/practice/perfect-numbers/test/perfect_numbers_test.clj	test	FAIL		compiler-other		namespace não encontrado no source-path: clojure.test	exercises/practice/perfect-numbers/test/perfect_numbers_test.clj	4a4c4fd0eb5a232ad1e5f2b81c751bfbfcbd0190	3e71bc1996b689233c80516b4b4aff52259c2cdf
exercises/practice/phone-number/.meta/example.clj	reference	FAIL	E0012	reader-regex	6	literal de regex (#"...") não é suportado	exercises/practice/phone-number/.meta/example.clj	4a4c4fd0eb5a232ad1e5f2b81c751bfbfcbd0190	3e71bc1996b689233c80516b4b4aff52259c2cdf
exercises/practice/phone-number/project.clj	project	FAIL	E0101	missing-core-function	1	função não resolvida: defproject	exercises/practice/phone-number/project.clj	4a4c4fd0eb5a232ad1e5f2b81c751bfbfcbd0190	3e71bc1996b689233c80516b4b4aff52259c2cdf
exercises/practice/phone-number/src/phone_number.clj	source	PASS					exercises/practice/phone-number/src/phone_number.clj	4a4c4fd0eb5a232ad1e5f2b81c751bfbfcbd0190	3e71bc1996b689233c80516b4b4aff52259c2cdf
exercises/practice/phone-number/test/phone_number_test.clj	test	FAIL		compiler-other		namespace não encontrado no source-path: clojure.test	exercises/practice/phone-number/test/phone_number_test.clj	4a4c4fd0eb5a232ad1e5f2b81c751bfbfcbd0190	3e71bc1996b689233c80516b4b4aff52259c2cdf
exercises/practice/pig-latin/.meta/example.clj	reference	FAIL	E0012	reader-regex	47	literal de regex (#"...") não é suportado	exercises/practice/pig-latin/.meta/example.clj	4a4c4fd0eb5a232ad1e5f2b81c751bfbfcbd0190	3e71bc1996b689233c80516b4b4aff52259c2cdf
exercises/practice/pig-latin/project.clj	project	FAIL	E0101	missing-core-function	1	função não resolvida: defproject	exercises/practice/pig-latin/project.clj	4a4c4fd0eb5a232ad1e5f2b81c751bfbfcbd0190	3e71bc1996b689233c80516b4b4aff52259c2cdf
exercises/practice/pig-latin/src/pig_latin.clj	source	PASS					exercises/practice/pig-latin/src/pig_latin.clj	4a4c4fd0eb5a232ad1e5f2b81c751bfbfcbd0190	3e71bc1996b689233c80516b4b4aff52259c2cdf
exercises/practice/pig-latin/test/pig_latin_test.clj	test	FAIL		compiler-other		namespace não encontrado no source-path: clojure.test	exercises/practice/pig-latin/test/pig_latin_test.clj	4a4c4fd0eb5a232ad1e5f2b81c751bfbfcbd0190	3e71bc1996b689233c80516b4b4aff52259c2cdf
exercises/practice/poker/.meta/example.clj	reference	FAIL	E0012	reader-regex	86	literal de regex (#"...") não é suportado	exercises/practice/poker/.meta/example.clj	4a4c4fd0eb5a232ad1e5f2b81c751bfbfcbd0190	3e71bc1996b689233c80516b4b4aff52259c2cdf
exercises/practice/poker/project.clj	project	FAIL	E0101	missing-core-function	1	função não resolvida: defproject	exercises/practice/poker/project.clj	4a4c4fd0eb5a232ad1e5f2b81c751bfbfcbd0190	3e71bc1996b689233c80516b4b4aff52259c2cdf
exercises/practice/poker/src/poker.clj	source	PASS					exercises/practice/poker/src/poker.clj	4a4c4fd0eb5a232ad1e5f2b81c751bfbfcbd0190	3e71bc1996b689233c80516b4b4aff52259c2cdf
exercises/practice/poker/test/poker_test.clj	test	FAIL		compiler-other		namespace não encontrado no source-path: clojure.test	exercises/practice/poker/test/poker_test.clj	4a4c4fd0eb5a232ad1e5f2b81c751bfbfcbd0190	3e71bc1996b689233c80516b4b4aff52259c2cdf
exercises/practice/pov/.meta/example.clj	reference	FAIL		compiler-other		namespace não encontrado no source-path: clojure.zip	exercises/practice/pov/.meta/example.clj	4a4c4fd0eb5a232ad1e5f2b81c751bfbfcbd0190	3e71bc1996b689233c80516b4b4aff52259c2cdf
exercises/practice/pov/project.clj	project	FAIL	E0101	missing-core-function	1	função não resolvida: defproject	exercises/practice/pov/project.clj	4a4c4fd0eb5a232ad1e5f2b81c751bfbfcbd0190	3e71bc1996b689233c80516b4b4aff52259c2cdf
exercises/practice/pov/src/pov.clj	source	PASS					exercises/practice/pov/src/pov.clj	4a4c4fd0eb5a232ad1e5f2b81c751bfbfcbd0190	3e71bc1996b689233c80516b4b4aff52259c2cdf
exercises/practice/pov/test/pov_test.clj	test	FAIL		compiler-other		namespace não encontrado no source-path: clojure.test	exercises/practice/pov/test/pov_test.clj	4a4c4fd0eb5a232ad1e5f2b81c751bfbfcbd0190	3e71bc1996b689233c80516b4b4aff52259c2cdf
exercises/practice/prime-factors/.meta/example.clj	reference	PASS					exercises/practice/prime-factors/.meta/example.clj	4a4c4fd0eb5a232ad1e5f2b81c751bfbfcbd0190	3e71bc1996b689233c80516b4b4aff52259c2cdf
exercises/practice/prime-factors/project.clj	project	FAIL	E0101	missing-core-function	1	função não resolvida: defproject	exercises/practice/prime-factors/project.clj	4a4c4fd0eb5a232ad1e5f2b81c751bfbfcbd0190	3e71bc1996b689233c80516b4b4aff52259c2cdf
exercises/practice/prime-factors/src/prime_factors.clj	source	PASS					exercises/practice/prime-factors/src/prime_factors.clj	4a4c4fd0eb5a232ad1e5f2b81c751bfbfcbd0190	3e71bc1996b689233c80516b4b4aff52259c2cdf
exercises/practice/prime-factors/test/prime_factors_test.clj	test	FAIL		compiler-other		namespace não encontrado no source-path: clojure.test	exercises/practice/prime-factors/test/prime_factors_test.clj	4a4c4fd0eb5a232ad1e5f2b81c751bfbfcbd0190	3e71bc1996b689233c80516b4b4aff52259c2cdf
exercises/practice/protein-translation/.meta/example.clj	reference	FAIL	E0101	core-macro	4	função não resolvida: condp	exercises/practice/protein-translation/.meta/example.clj	4a4c4fd0eb5a232ad1e5f2b81c751bfbfcbd0190	3e71bc1996b689233c80516b4b4aff52259c2cdf
exercises/practice/protein-translation/.meta/generator.clj	generator	FAIL	E0101	core-macro	4	função não resolvida: if-let	exercises/practice/protein-translation/.meta/generator.clj	4a4c4fd0eb5a232ad1e5f2b81c751bfbfcbd0190	3e71bc1996b689233c80516b4b4aff52259c2cdf
exercises/practice/protein-translation/project.clj	project	FAIL	E0101	missing-core-function	1	função não resolvida: defproject	exercises/practice/protein-translation/project.clj	4a4c4fd0eb5a232ad1e5f2b81c751bfbfcbd0190	3e71bc1996b689233c80516b4b4aff52259c2cdf
exercises/practice/protein-translation/src/protein_translation.clj	source	PASS					exercises/practice/protein-translation/src/protein_translation.clj	4a4c4fd0eb5a232ad1e5f2b81c751bfbfcbd0190	3e71bc1996b689233c80516b4b4aff52259c2cdf
exercises/practice/protein-translation/test/protein_translation_test.clj	test	FAIL	E0012	reader-regex	142	literal de regex (#"...") não é suportado	exercises/practice/protein-translation/test/protein_translation_test.clj	4a4c4fd0eb5a232ad1e5f2b81c751bfbfcbd0190	3e71bc1996b689233c80516b4b4aff52259c2cdf
exercises/practice/proverb/.meta/example.clj	reference	FAIL		compiler-other		namespace não encontrado no source-path: clojure.string	exercises/practice/proverb/.meta/example.clj	4a4c4fd0eb5a232ad1e5f2b81c751bfbfcbd0190	3e71bc1996b689233c80516b4b4aff52259c2cdf
exercises/practice/proverb/project.clj	project	FAIL	E0101	missing-core-function	1	função não resolvida: defproject	exercises/practice/proverb/project.clj	4a4c4fd0eb5a232ad1e5f2b81c751bfbfcbd0190	3e71bc1996b689233c80516b4b4aff52259c2cdf
exercises/practice/proverb/src/proverb.clj	source	PASS					exercises/practice/proverb/src/proverb.clj	4a4c4fd0eb5a232ad1e5f2b81c751bfbfcbd0190	3e71bc1996b689233c80516b4b4aff52259c2cdf
exercises/practice/proverb/test/proverb_test.clj	test	FAIL		compiler-other		namespace não encontrado no source-path: clojure.test	exercises/practice/proverb/test/proverb_test.clj	4a4c4fd0eb5a232ad1e5f2b81c751bfbfcbd0190	3e71bc1996b689233c80516b4b4aff52259c2cdf
exercises/practice/pythagorean-triplet/.meta/example.clj	reference	FAIL	E0101	core-macro	5	função não resolvida: for	exercises/practice/pythagorean-triplet/.meta/example.clj	4a4c4fd0eb5a232ad1e5f2b81c751bfbfcbd0190	3e71bc1996b689233c80516b4b4aff52259c2cdf
exercises/practice/pythagorean-triplet/project.clj	project	FAIL	E0101	missing-core-function	1	função não resolvida: defproject	exercises/practice/pythagorean-triplet/project.clj	4a4c4fd0eb5a232ad1e5f2b81c751bfbfcbd0190	3e71bc1996b689233c80516b4b4aff52259c2cdf
exercises/practice/pythagorean-triplet/src/pythagorean_triplet.clj	source	PASS					exercises/practice/pythagorean-triplet/src/pythagorean_triplet.clj	4a4c4fd0eb5a232ad1e5f2b81c751bfbfcbd0190	3e71bc1996b689233c80516b4b4aff52259c2cdf
exercises/practice/pythagorean-triplet/test/pythagorean_triplet_test.clj	test	FAIL		compiler-other		namespace não encontrado no source-path: clojure.test	exercises/practice/pythagorean-triplet/test/pythagorean_triplet_test.clj	4a4c4fd0eb5a232ad1e5f2b81c751bfbfcbd0190	3e71bc1996b689233c80516b4b4aff52259c2cdf
exercises/practice/queen-attack/.meta/example.clj	reference	FAIL		compiler-other		namespace não encontrado no source-path: clojure.string	exercises/practice/queen-attack/.meta/example.clj	4a4c4fd0eb5a232ad1e5f2b81c751bfbfcbd0190	3e71bc1996b689233c80516b4b4aff52259c2cdf
exercises/practice/queen-attack/project.clj	project	FAIL	E0101	missing-core-function	1	função não resolvida: defproject	exercises/practice/queen-attack/project.clj	4a4c4fd0eb5a232ad1e5f2b81c751bfbfcbd0190	3e71bc1996b689233c80516b4b4aff52259c2cdf
exercises/practice/queen-attack/src/queen_attack.clj	source	PASS					exercises/practice/queen-attack/src/queen_attack.clj	4a4c4fd0eb5a232ad1e5f2b81c751bfbfcbd0190	3e71bc1996b689233c80516b4b4aff52259c2cdf
exercises/practice/queen-attack/test/queen_attack_test.clj	test	FAIL		compiler-other		namespace não encontrado no source-path: clojure.test	exercises/practice/queen-attack/test/queen_attack_test.clj	4a4c4fd0eb5a232ad1e5f2b81c751bfbfcbd0190	3e71bc1996b689233c80516b4b4aff52259c2cdf
exercises/practice/raindrops/.meta/example.clj	reference	FAIL		compiler-other		namespace não encontrado no source-path: clojure.string	exercises/practice/raindrops/.meta/example.clj	4a4c4fd0eb5a232ad1e5f2b81c751bfbfcbd0190	3e71bc1996b689233c80516b4b4aff52259c2cdf
exercises/practice/raindrops/project.clj	project	FAIL	E0101	missing-core-function	1	função não resolvida: defproject	exercises/practice/raindrops/project.clj	4a4c4fd0eb5a232ad1e5f2b81c751bfbfcbd0190	3e71bc1996b689233c80516b4b4aff52259c2cdf
exercises/practice/raindrops/src/raindrops.clj	source	PASS					exercises/practice/raindrops/src/raindrops.clj	4a4c4fd0eb5a232ad1e5f2b81c751bfbfcbd0190	3e71bc1996b689233c80516b4b4aff52259c2cdf
exercises/practice/raindrops/test/raindrops_test.clj	test	FAIL		compiler-other		namespace não encontrado no source-path: clojure.test	exercises/practice/raindrops/test/raindrops_test.clj	4a4c4fd0eb5a232ad1e5f2b81c751bfbfcbd0190	3e71bc1996b689233c80516b4b4aff52259c2cdf
exercises/practice/resistor-color-duo/.meta/example.clj	reference	FAIL	E0101	missing-core-function	5	função não resolvida: .indexOf	exercises/practice/resistor-color-duo/.meta/example.clj	4a4c4fd0eb5a232ad1e5f2b81c751bfbfcbd0190	3e71bc1996b689233c80516b4b4aff52259c2cdf
exercises/practice/resistor-color-duo/project.clj	project	FAIL	E0101	missing-core-function	1	função não resolvida: defproject	exercises/practice/resistor-color-duo/project.clj	4a4c4fd0eb5a232ad1e5f2b81c751bfbfcbd0190	3e71bc1996b689233c80516b4b4aff52259c2cdf
exercises/practice/resistor-color-duo/src/resistor_color_duo.clj	source	PASS					exercises/practice/resistor-color-duo/src/resistor_color_duo.clj	4a4c4fd0eb5a232ad1e5f2b81c751bfbfcbd0190	3e71bc1996b689233c80516b4b4aff52259c2cdf
exercises/practice/resistor-color-duo/test/resistor_color_duo_test.clj	test	FAIL		compiler-other		namespace não encontrado no source-path: clojure.test	exercises/practice/resistor-color-duo/test/resistor_color_duo_test.clj	4a4c4fd0eb5a232ad1e5f2b81c751bfbfcbd0190	3e71bc1996b689233c80516b4b4aff52259c2cdf
exercises/practice/resistor-color-trio/.meta/example.clj	reference	FAIL	E0101	missing-core-function	5	função não resolvida: .indexOf	exercises/practice/resistor-color-trio/.meta/example.clj	4a4c4fd0eb5a232ad1e5f2b81c751bfbfcbd0190	3e71bc1996b689233c80516b4b4aff52259c2cdf
exercises/practice/resistor-color-trio/.meta/generator.clj	generator	FAIL	E0101	missing-core-function	4	função não resolvida: update	exercises/practice/resistor-color-trio/.meta/generator.clj	4a4c4fd0eb5a232ad1e5f2b81c751bfbfcbd0190	3e71bc1996b689233c80516b4b4aff52259c2cdf
exercises/practice/resistor-color-trio/project.clj	project	FAIL	E0101	missing-core-function	1	função não resolvida: defproject	exercises/practice/resistor-color-trio/project.clj	4a4c4fd0eb5a232ad1e5f2b81c751bfbfcbd0190	3e71bc1996b689233c80516b4b4aff52259c2cdf
exercises/practice/resistor-color-trio/src/resistor_color_trio.clj	source	PASS					exercises/practice/resistor-color-trio/src/resistor_color_trio.clj	4a4c4fd0eb5a232ad1e5f2b81c751bfbfcbd0190	3e71bc1996b689233c80516b4b4aff52259c2cdf
exercises/practice/resistor-color-trio/test/resistor_color_trio_test.clj	test	FAIL		compiler-other		namespace não encontrado no source-path: clojure.test	exercises/practice/resistor-color-trio/test/resistor_color_trio_test.clj	4a4c4fd0eb5a232ad1e5f2b81c751bfbfcbd0190	3e71bc1996b689233c80516b4b4aff52259c2cdf
exercises/practice/resistor-color/.meta/example.clj	reference	FAIL	E0101	missing-core-function	5	função não resolvida: .indexOf	exercises/practice/resistor-color/.meta/example.clj	4a4c4fd0eb5a232ad1e5f2b81c751bfbfcbd0190	3e71bc1996b689233c80516b4b4aff52259c2cdf
exercises/practice/resistor-color/project.clj	project	FAIL	E0101	missing-core-function	1	função não resolvida: defproject	exercises/practice/resistor-color/project.clj	4a4c4fd0eb5a232ad1e5f2b81c751bfbfcbd0190	3e71bc1996b689233c80516b4b4aff52259c2cdf
exercises/practice/resistor-color/src/resistor_color.clj	source	FAIL	E0100	top-level-def	3	def/defn só é permitido no nível de topo	exercises/practice/resistor-color/src/resistor_color.clj	4a4c4fd0eb5a232ad1e5f2b81c751bfbfcbd0190	3e71bc1996b689233c80516b4b4aff52259c2cdf
exercises/practice/resistor-color/test/resistor_color_test.clj	test	FAIL		compiler-other		namespace não encontrado no source-path: clojure.test	exercises/practice/resistor-color/test/resistor_color_test.clj	4a4c4fd0eb5a232ad1e5f2b81c751bfbfcbd0190	3e71bc1996b689233c80516b4b4aff52259c2cdf
exercises/practice/reverse-string/.meta/example.clj	reference	FAIL	E0100	variadic-primitive-value	5	primitiva variádica `str` como valor ainda não é compilável; envolva em (fn [& xs] ...)	exercises/practice/reverse-string/.meta/example.clj	4a4c4fd0eb5a232ad1e5f2b81c751bfbfcbd0190	3e71bc1996b689233c80516b4b4aff52259c2cdf
exercises/practice/reverse-string/project.clj	project	FAIL	E0101	missing-core-function	1	função não resolvida: defproject	exercises/practice/reverse-string/project.clj	4a4c4fd0eb5a232ad1e5f2b81c751bfbfcbd0190	3e71bc1996b689233c80516b4b4aff52259c2cdf
exercises/practice/reverse-string/src/reverse_string.clj	source	PASS					exercises/practice/reverse-string/src/reverse_string.clj	4a4c4fd0eb5a232ad1e5f2b81c751bfbfcbd0190	3e71bc1996b689233c80516b4b4aff52259c2cdf
exercises/practice/reverse-string/test/reverse_string_test.clj	test	FAIL		compiler-other		namespace não encontrado no source-path: clojure.test	exercises/practice/reverse-string/test/reverse_string_test.clj	4a4c4fd0eb5a232ad1e5f2b81c751bfbfcbd0190	3e71bc1996b689233c80516b4b4aff52259c2cdf
exercises/practice/rna-transcription/.meta/example.clj	reference	FAIL	E0100	variadic-primitive-value	9	primitiva variádica `str` como valor ainda não é compilável; envolva em (fn [& xs] ...)	exercises/practice/rna-transcription/.meta/example.clj	4a4c4fd0eb5a232ad1e5f2b81c751bfbfcbd0190	3e71bc1996b689233c80516b4b4aff52259c2cdf
exercises/practice/rna-transcription/project.clj	project	FAIL	E0101	missing-core-function	1	função não resolvida: defproject	exercises/practice/rna-transcription/project.clj	4a4c4fd0eb5a232ad1e5f2b81c751bfbfcbd0190	3e71bc1996b689233c80516b4b4aff52259c2cdf
exercises/practice/rna-transcription/src/rna_transcription.clj	source	PASS					exercises/practice/rna-transcription/src/rna_transcription.clj	4a4c4fd0eb5a232ad1e5f2b81c751bfbfcbd0190	3e71bc1996b689233c80516b4b4aff52259c2cdf
exercises/practice/rna-transcription/test/rna_transcription_test.clj	test	FAIL		compiler-other		namespace não encontrado no source-path: clojure.test	exercises/practice/rna-transcription/test/rna_transcription_test.clj	4a4c4fd0eb5a232ad1e5f2b81c751bfbfcbd0190	3e71bc1996b689233c80516b4b4aff52259c2cdf
exercises/practice/robot-name/.meta/example.clj	reference	FAIL	E0012	reader-regex	38	literal de regex (#"...") não é suportado	exercises/practice/robot-name/.meta/example.clj	4a4c4fd0eb5a232ad1e5f2b81c751bfbfcbd0190	3e71bc1996b689233c80516b4b4aff52259c2cdf
exercises/practice/robot-name/project.clj	project	FAIL	E0101	missing-core-function	1	função não resolvida: defproject	exercises/practice/robot-name/project.clj	4a4c4fd0eb5a232ad1e5f2b81c751bfbfcbd0190	3e71bc1996b689233c80516b4b4aff52259c2cdf
exercises/practice/robot-name/src/robot_name.clj	source	PASS					exercises/practice/robot-name/src/robot_name.clj	4a4c4fd0eb5a232ad1e5f2b81c751bfbfcbd0190	3e71bc1996b689233c80516b4b4aff52259c2cdf
exercises/practice/robot-name/test/robot_name_test.clj	test	FAIL	E0012	reader-regex	8	literal de regex (#"...") não é suportado	exercises/practice/robot-name/test/robot_name_test.clj	4a4c4fd0eb5a232ad1e5f2b81c751bfbfcbd0190	3e71bc1996b689233c80516b4b4aff52259c2cdf
exercises/practice/robot-simulator/.meta/example.clj	reference	FAIL	E0101	missing-core-function	27	função não resolvida: update	exercises/practice/robot-simulator/.meta/example.clj	4a4c4fd0eb5a232ad1e5f2b81c751bfbfcbd0190	3e71bc1996b689233c80516b4b4aff52259c2cdf
exercises/practice/robot-simulator/.meta/generator.clj	generator	FAIL		compiler-other		namespace não encontrado no source-path: hbs.helper	exercises/practice/robot-simulator/.meta/generator.clj	4a4c4fd0eb5a232ad1e5f2b81c751bfbfcbd0190	3e71bc1996b689233c80516b4b4aff52259c2cdf
exercises/practice/robot-simulator/project.clj	project	FAIL	E0101	missing-core-function	1	função não resolvida: defproject	exercises/practice/robot-simulator/project.clj	4a4c4fd0eb5a232ad1e5f2b81c751bfbfcbd0190	3e71bc1996b689233c80516b4b4aff52259c2cdf
exercises/practice/robot-simulator/src/robot_simulator.clj	source	PASS					exercises/practice/robot-simulator/src/robot_simulator.clj	4a4c4fd0eb5a232ad1e5f2b81c751bfbfcbd0190	3e71bc1996b689233c80516b4b4aff52259c2cdf
exercises/practice/robot-simulator/test/robot_simulator_test.clj	test	FAIL		compiler-other		namespace não encontrado no source-path: clojure.test	exercises/practice/robot-simulator/test/robot_simulator_test.clj	4a4c4fd0eb5a232ad1e5f2b81c751bfbfcbd0190	3e71bc1996b689233c80516b4b4aff52259c2cdf
exercises/practice/roman-numerals/.meta/example.clj	reference	FAIL	E0100	fn-form	19	fn: forma inválida (esperava [params] corpo ou aridades)	exercises/practice/roman-numerals/.meta/example.clj	4a4c4fd0eb5a232ad1e5f2b81c751bfbfcbd0190	3e71bc1996b689233c80516b4b4aff52259c2cdf
exercises/practice/roman-numerals/project.clj	project	FAIL	E0101	missing-core-function	1	função não resolvida: defproject	exercises/practice/roman-numerals/project.clj	4a4c4fd0eb5a232ad1e5f2b81c751bfbfcbd0190	3e71bc1996b689233c80516b4b4aff52259c2cdf
exercises/practice/roman-numerals/src/roman_numerals.clj	source	PASS					exercises/practice/roman-numerals/src/roman_numerals.clj	4a4c4fd0eb5a232ad1e5f2b81c751bfbfcbd0190	3e71bc1996b689233c80516b4b4aff52259c2cdf
exercises/practice/roman-numerals/test/roman_numerals_test.clj	test	FAIL		compiler-other		namespace não encontrado no source-path: clojure.test	exercises/practice/roman-numerals/test/roman_numerals_test.clj	4a4c4fd0eb5a232ad1e5f2b81c751bfbfcbd0190	3e71bc1996b689233c80516b4b4aff52259c2cdf
exercises/practice/rotational-cipher/.meta/example.clj	reference	FAIL	E0101	missing-core-function	21	função não resolvida: isUpperCase	exercises/practice/rotational-cipher/.meta/example.clj	4a4c4fd0eb5a232ad1e5f2b81c751bfbfcbd0190	3e71bc1996b689233c80516b4b4aff52259c2cdf
exercises/practice/rotational-cipher/project.clj	project	FAIL	E0101	missing-core-function	1	função não resolvida: defproject	exercises/practice/rotational-cipher/project.clj	4a4c4fd0eb5a232ad1e5f2b81c751bfbfcbd0190	3e71bc1996b689233c80516b4b4aff52259c2cdf
exercises/practice/rotational-cipher/src/rotational_cipher.clj	source	PASS					exercises/practice/rotational-cipher/src/rotational_cipher.clj	4a4c4fd0eb5a232ad1e5f2b81c751bfbfcbd0190	3e71bc1996b689233c80516b4b4aff52259c2cdf
exercises/practice/rotational-cipher/test/rotational_cipher_test.clj	test	FAIL		compiler-other		namespace não encontrado no source-path: clojure.test	exercises/practice/rotational-cipher/test/rotational_cipher_test.clj	4a4c4fd0eb5a232ad1e5f2b81c751bfbfcbd0190	3e71bc1996b689233c80516b4b4aff52259c2cdf
exercises/practice/run-length-encoding/.meta/example.clj	reference	FAIL	E0012	reader-regex	24	literal de regex (#"...") não é suportado	exercises/practice/run-length-encoding/.meta/example.clj	4a4c4fd0eb5a232ad1e5f2b81c751bfbfcbd0190	3e71bc1996b689233c80516b4b4aff52259c2cdf
exercises/practice/run-length-encoding/project.clj	project	FAIL	E0101	missing-core-function	1	função não resolvida: defproject	exercises/practice/run-length-encoding/project.clj	4a4c4fd0eb5a232ad1e5f2b81c751bfbfcbd0190	3e71bc1996b689233c80516b4b4aff52259c2cdf
exercises/practice/run-length-encoding/src/run_length_encoding.clj	source	PASS					exercises/practice/run-length-encoding/src/run_length_encoding.clj	4a4c4fd0eb5a232ad1e5f2b81c751bfbfcbd0190	3e71bc1996b689233c80516b4b4aff52259c2cdf
exercises/practice/run-length-encoding/test/run_length_encoding_test.clj	test	FAIL		compiler-other		namespace não encontrado no source-path: clojure.test	exercises/practice/run-length-encoding/test/run_length_encoding_test.clj	4a4c4fd0eb5a232ad1e5f2b81c751bfbfcbd0190	3e71bc1996b689233c80516b4b4aff52259c2cdf
exercises/practice/saddle-points/.meta/example.clj	reference	FAIL	E0100	variadic-primitive-value	4	primitiva variádica `vector` como valor ainda não é compilável; envolva em (fn [& xs] ...)	exercises/practice/saddle-points/.meta/example.clj	4a4c4fd0eb5a232ad1e5f2b81c751bfbfcbd0190	3e71bc1996b689233c80516b4b4aff52259c2cdf
exercises/practice/saddle-points/.meta/generator.clj	generator	FAIL	E0101	missing-core-function	5	função não resolvida: juxt	exercises/practice/saddle-points/.meta/generator.clj	4a4c4fd0eb5a232ad1e5f2b81c751bfbfcbd0190	3e71bc1996b689233c80516b4b4aff52259c2cdf
exercises/practice/saddle-points/project.clj	project	FAIL	E0101	missing-core-function	1	função não resolvida: defproject	exercises/practice/saddle-points/project.clj	4a4c4fd0eb5a232ad1e5f2b81c751bfbfcbd0190	3e71bc1996b689233c80516b4b4aff52259c2cdf
exercises/practice/saddle-points/src/saddle_points.clj	source	PASS					exercises/practice/saddle-points/src/saddle_points.clj	4a4c4fd0eb5a232ad1e5f2b81c751bfbfcbd0190	3e71bc1996b689233c80516b4b4aff52259c2cdf
exercises/practice/saddle-points/test/saddle_points_test.clj	test	FAIL		compiler-other		namespace não encontrado no source-path: clojure.test	exercises/practice/saddle-points/test/saddle_points_test.clj	4a4c4fd0eb5a232ad1e5f2b81c751bfbfcbd0190	3e71bc1996b689233c80516b4b4aff52259c2cdf
exercises/practice/say/.meta/example.clj	reference	FAIL	E0012	reader-regex	9	literal de regex (#"...") não é suportado	exercises/practice/say/.meta/example.clj	4a4c4fd0eb5a232ad1e5f2b81c751bfbfcbd0190	3e71bc1996b689233c80516b4b4aff52259c2cdf
exercises/practice/say/project.clj	project	FAIL	E0101	missing-core-function	1	função não resolvida: defproject	exercises/practice/say/project.clj	4a4c4fd0eb5a232ad1e5f2b81c751bfbfcbd0190	3e71bc1996b689233c80516b4b4aff52259c2cdf
exercises/practice/say/src/say.clj	source	PASS					exercises/practice/say/src/say.clj	4a4c4fd0eb5a232ad1e5f2b81c751bfbfcbd0190	3e71bc1996b689233c80516b4b4aff52259c2cdf
exercises/practice/say/test/say_test.clj	test	FAIL		compiler-other		namespace não encontrado no source-path: clojure.test	exercises/practice/say/test/say_test.clj	4a4c4fd0eb5a232ad1e5f2b81c751bfbfcbd0190	3e71bc1996b689233c80516b4b4aff52259c2cdf
exercises/practice/scrabble-score/.meta/example.clj	reference	FAIL		compiler-other		namespace não encontrado no source-path: clojure.string	exercises/practice/scrabble-score/.meta/example.clj	4a4c4fd0eb5a232ad1e5f2b81c751bfbfcbd0190	3e71bc1996b689233c80516b4b4aff52259c2cdf
exercises/practice/scrabble-score/project.clj	project	FAIL	E0101	missing-core-function	1	função não resolvida: defproject	exercises/practice/scrabble-score/project.clj	4a4c4fd0eb5a232ad1e5f2b81c751bfbfcbd0190	3e71bc1996b689233c80516b4b4aff52259c2cdf
exercises/practice/scrabble-score/src/scrabble_score.clj	source	PASS					exercises/practice/scrabble-score/src/scrabble_score.clj	4a4c4fd0eb5a232ad1e5f2b81c751bfbfcbd0190	3e71bc1996b689233c80516b4b4aff52259c2cdf
exercises/practice/scrabble-score/test/scrabble_score_test.clj	test	FAIL		compiler-other		namespace não encontrado no source-path: clojure.test	exercises/practice/scrabble-score/test/scrabble_score_test.clj	4a4c4fd0eb5a232ad1e5f2b81c751bfbfcbd0190	3e71bc1996b689233c80516b4b4aff52259c2cdf
exercises/practice/secret-handshake/.meta/example.clj	reference	FAIL	E0101	missing-core-function	4	função não resolvida: toBinaryString	exercises/practice/secret-handshake/.meta/example.clj	4a4c4fd0eb5a232ad1e5f2b81c751bfbfcbd0190	3e71bc1996b689233c80516b4b4aff52259c2cdf
exercises/practice/secret-handshake/project.clj	project	FAIL	E0101	missing-core-function	1	função não resolvida: defproject	exercises/practice/secret-handshake/project.clj	4a4c4fd0eb5a232ad1e5f2b81c751bfbfcbd0190	3e71bc1996b689233c80516b4b4aff52259c2cdf
exercises/practice/secret-handshake/src/secret_handshake.clj	source	PASS					exercises/practice/secret-handshake/src/secret_handshake.clj	4a4c4fd0eb5a232ad1e5f2b81c751bfbfcbd0190	3e71bc1996b689233c80516b4b4aff52259c2cdf
exercises/practice/secret-handshake/test/secret_handshake_test.clj	test	FAIL		compiler-other		namespace não encontrado no source-path: clojure.test	exercises/practice/secret-handshake/test/secret_handshake_test.clj	4a4c4fd0eb5a232ad1e5f2b81c751bfbfcbd0190	3e71bc1996b689233c80516b4b4aff52259c2cdf
exercises/practice/series/.meta/example.clj	reference	FAIL	E0101	exception-constructor	5	função não resolvida: IllegalArgumentException.	exercises/practice/series/.meta/example.clj	4a4c4fd0eb5a232ad1e5f2b81c751bfbfcbd0190	3e71bc1996b689233c80516b4b4aff52259c2cdf
exercises/practice/series/.meta/generator.clj	generator	FAIL	E0101	core-macro	4	função não resolvida: if-let	exercises/practice/series/.meta/generator.clj	4a4c4fd0eb5a232ad1e5f2b81c751bfbfcbd0190	3e71bc1996b689233c80516b4b4aff52259c2cdf
exercises/practice/series/project.clj	project	FAIL	E0101	missing-core-function	1	função não resolvida: defproject	exercises/practice/series/project.clj	4a4c4fd0eb5a232ad1e5f2b81c751bfbfcbd0190	3e71bc1996b689233c80516b4b4aff52259c2cdf
exercises/practice/series/src/series.clj	source	PASS					exercises/practice/series/src/series.clj	4a4c4fd0eb5a232ad1e5f2b81c751bfbfcbd0190	3e71bc1996b689233c80516b4b4aff52259c2cdf
exercises/practice/series/test/series_test.clj	test	FAIL	E0012	reader-regex	37	literal de regex (#"...") não é suportado	exercises/practice/series/test/series_test.clj	4a4c4fd0eb5a232ad1e5f2b81c751bfbfcbd0190	3e71bc1996b689233c80516b4b4aff52259c2cdf
exercises/practice/sieve/.meta/example.clj	reference	FAIL		compiler-other		namespace não encontrado no source-path: clojure.math	exercises/practice/sieve/.meta/example.clj	4a4c4fd0eb5a232ad1e5f2b81c751bfbfcbd0190	3e71bc1996b689233c80516b4b4aff52259c2cdf
exercises/practice/sieve/project.clj	project	FAIL	E0101	missing-core-function	1	função não resolvida: defproject	exercises/practice/sieve/project.clj	4a4c4fd0eb5a232ad1e5f2b81c751bfbfcbd0190	3e71bc1996b689233c80516b4b4aff52259c2cdf
exercises/practice/sieve/src/sieve.clj	source	PASS					exercises/practice/sieve/src/sieve.clj	4a4c4fd0eb5a232ad1e5f2b81c751bfbfcbd0190	3e71bc1996b689233c80516b4b4aff52259c2cdf
exercises/practice/sieve/test/sieve_test.clj	test	FAIL		compiler-other		namespace não encontrado no source-path: clojure.test	exercises/practice/sieve/test/sieve_test.clj	4a4c4fd0eb5a232ad1e5f2b81c751bfbfcbd0190	3e71bc1996b689233c80516b4b4aff52259c2cdf
exercises/practice/simple-cipher/.meta/example.clj	reference	FAIL	E0100	variadic-primitive-value	4	primitiva variádica `str` como valor ainda não é compilável; envolva em (fn [& xs] ...)	exercises/practice/simple-cipher/.meta/example.clj	4a4c4fd0eb5a232ad1e5f2b81c751bfbfcbd0190	3e71bc1996b689233c80516b4b4aff52259c2cdf
exercises/practice/simple-cipher/project.clj	project	FAIL	E0101	missing-core-function	1	função não resolvida: defproject	exercises/practice/simple-cipher/project.clj	4a4c4fd0eb5a232ad1e5f2b81c751bfbfcbd0190	3e71bc1996b689233c80516b4b4aff52259c2cdf
exercises/practice/simple-cipher/src/simple_cipher.clj	source	PASS					exercises/practice/simple-cipher/src/simple_cipher.clj	4a4c4fd0eb5a232ad1e5f2b81c751bfbfcbd0190	3e71bc1996b689233c80516b4b4aff52259c2cdf
exercises/practice/simple-cipher/test/simple_cipher_test.clj	test	FAIL	E0012	reader-regex	7	literal de regex (#"...") não é suportado	exercises/practice/simple-cipher/test/simple_cipher_test.clj	4a4c4fd0eb5a232ad1e5f2b81c751bfbfcbd0190	3e71bc1996b689233c80516b4b4aff52259c2cdf
exercises/practice/space-age/.meta/example.clj	reference	FAIL	E0101	missing-core-function	14	função não resolvida: doseq	exercises/practice/space-age/.meta/example.clj	4a4c4fd0eb5a232ad1e5f2b81c751bfbfcbd0190	3e71bc1996b689233c80516b4b4aff52259c2cdf
exercises/practice/space-age/.meta/generator.clj	generator	FAIL		compiler-other		namespace não encontrado no source-path: hbs.helper	exercises/practice/space-age/.meta/generator.clj	4a4c4fd0eb5a232ad1e5f2b81c751bfbfcbd0190	3e71bc1996b689233c80516b4b4aff52259c2cdf
exercises/practice/space-age/project.clj	project	FAIL	E0101	missing-core-function	1	função não resolvida: defproject	exercises/practice/space-age/project.clj	4a4c4fd0eb5a232ad1e5f2b81c751bfbfcbd0190	3e71bc1996b689233c80516b4b4aff52259c2cdf
exercises/practice/space-age/src/space_age.clj	source	PASS					exercises/practice/space-age/src/space_age.clj	4a4c4fd0eb5a232ad1e5f2b81c751bfbfcbd0190	3e71bc1996b689233c80516b4b4aff52259c2cdf
exercises/practice/space-age/test/space_age_test.clj	test	FAIL		compiler-other		namespace não encontrado no source-path: clojure.test	exercises/practice/space-age/test/space_age_test.clj	4a4c4fd0eb5a232ad1e5f2b81c751bfbfcbd0190	3e71bc1996b689233c80516b4b4aff52259c2cdf
exercises/practice/spiral-matrix/.meta/example.clj	reference	FAIL	E0100	destructuring	3	def/defn só é permitido no nível de topo	exercises/practice/spiral-matrix/.meta/example.clj	4a4c4fd0eb5a232ad1e5f2b81c751bfbfcbd0190	3e71bc1996b689233c80516b4b4aff52259c2cdf
exercises/practice/spiral-matrix/project.clj	project	FAIL	E0101	missing-core-function	1	função não resolvida: defproject	exercises/practice/spiral-matrix/project.clj	4a4c4fd0eb5a232ad1e5f2b81c751bfbfcbd0190	3e71bc1996b689233c80516b4b4aff52259c2cdf
exercises/practice/spiral-matrix/src/spiral_matrix.clj	source	PASS					exercises/practice/spiral-matrix/src/spiral_matrix.clj	4a4c4fd0eb5a232ad1e5f2b81c751bfbfcbd0190	3e71bc1996b689233c80516b4b4aff52259c2cdf
exercises/practice/spiral-matrix/test/spiral_matrix_test.clj	test	FAIL		compiler-other		namespace não encontrado no source-path: clojure.test	exercises/practice/spiral-matrix/test/spiral_matrix_test.clj	4a4c4fd0eb5a232ad1e5f2b81c751bfbfcbd0190	3e71bc1996b689233c80516b4b4aff52259c2cdf
exercises/practice/square-root/.meta/example.clj	reference	PASS					exercises/practice/square-root/.meta/example.clj	4a4c4fd0eb5a232ad1e5f2b81c751bfbfcbd0190	3e71bc1996b689233c80516b4b4aff52259c2cdf
exercises/practice/square-root/project.clj	project	FAIL	E0101	missing-core-function	1	função não resolvida: defproject	exercises/practice/square-root/project.clj	4a4c4fd0eb5a232ad1e5f2b81c751bfbfcbd0190	3e71bc1996b689233c80516b4b4aff52259c2cdf
exercises/practice/square-root/src/square_root.clj	source	PASS					exercises/practice/square-root/src/square_root.clj	4a4c4fd0eb5a232ad1e5f2b81c751bfbfcbd0190	3e71bc1996b689233c80516b4b4aff52259c2cdf
exercises/practice/square-root/test/square_root_test.clj	test	FAIL		compiler-other		namespace não encontrado no source-path: clojure.test	exercises/practice/square-root/test/square_root_test.clj	4a4c4fd0eb5a232ad1e5f2b81c751bfbfcbd0190	3e71bc1996b689233c80516b4b4aff52259c2cdf
exercises/practice/state-of-tic-tac-toe/.meta/example.clj	reference	FAIL	E0101	missing-core-function	4	função não resolvida: frequencies	exercises/practice/state-of-tic-tac-toe/.meta/example.clj	4a4c4fd0eb5a232ad1e5f2b81c751bfbfcbd0190	3e71bc1996b689233c80516b4b4aff52259c2cdf
exercises/practice/state-of-tic-tac-toe/.meta/generator.clj	generator	FAIL		compiler-other		namespace não encontrado no source-path: hbs.helper	exercises/practice/state-of-tic-tac-toe/.meta/generator.clj	4a4c4fd0eb5a232ad1e5f2b81c751bfbfcbd0190	3e71bc1996b689233c80516b4b4aff52259c2cdf
exercises/practice/state-of-tic-tac-toe/project.clj	project	FAIL	E0101	missing-core-function	1	função não resolvida: defproject	exercises/practice/state-of-tic-tac-toe/project.clj	4a4c4fd0eb5a232ad1e5f2b81c751bfbfcbd0190	3e71bc1996b689233c80516b4b4aff52259c2cdf
exercises/practice/state-of-tic-tac-toe/src/state_of_tic_tac_toe.clj	source	PASS					exercises/practice/state-of-tic-tac-toe/src/state_of_tic_tac_toe.clj	4a4c4fd0eb5a232ad1e5f2b81c751bfbfcbd0190	3e71bc1996b689233c80516b4b4aff52259c2cdf
exercises/practice/state-of-tic-tac-toe/test/state_of_tic_tac_toe_test.clj	test	FAIL	E0012	reader-regex	191	literal de regex (#"...") não é suportado	exercises/practice/state-of-tic-tac-toe/test/state_of_tic_tac_toe_test.clj	4a4c4fd0eb5a232ad1e5f2b81c751bfbfcbd0190	3e71bc1996b689233c80516b4b4aff52259c2cdf
exercises/practice/strain/.meta/example.clj	reference	FAIL	E0101	missing-core-function	14	função não resolvida: complement	exercises/practice/strain/.meta/example.clj	4a4c4fd0eb5a232ad1e5f2b81c751bfbfcbd0190	3e71bc1996b689233c80516b4b4aff52259c2cdf
exercises/practice/strain/.meta/generator.clj	generator	FAIL	E0012	reader-regex	15	literal de regex (#"...") não é suportado	exercises/practice/strain/.meta/generator.clj	4a4c4fd0eb5a232ad1e5f2b81c751bfbfcbd0190	3e71bc1996b689233c80516b4b4aff52259c2cdf
exercises/practice/strain/project.clj	project	FAIL	E0101	missing-core-function	1	função não resolvida: defproject	exercises/practice/strain/project.clj	4a4c4fd0eb5a232ad1e5f2b81c751bfbfcbd0190	3e71bc1996b689233c80516b4b4aff52259c2cdf
exercises/practice/strain/src/strain.clj	source	PASS					exercises/practice/strain/src/strain.clj	4a4c4fd0eb5a232ad1e5f2b81c751bfbfcbd0190	3e71bc1996b689233c80516b4b4aff52259c2cdf
exercises/practice/strain/test/strain_test.clj	test	FAIL		compiler-other		namespace não encontrado no source-path: clojure.test	exercises/practice/strain/test/strain_test.clj	4a4c4fd0eb5a232ad1e5f2b81c751bfbfcbd0190	3e71bc1996b689233c80516b4b4aff52259c2cdf
exercises/practice/sublist/.meta/example.clj	reference	FAIL	E0101	missing-symbol	6	símbolo não resolvido: val	exercises/practice/sublist/.meta/example.clj	4a4c4fd0eb5a232ad1e5f2b81c751bfbfcbd0190	3e71bc1996b689233c80516b4b4aff52259c2cdf
exercises/practice/sublist/.meta/generator.clj	generator	FAIL		compiler-other		namespace não encontrado no source-path: hbs.helper	exercises/practice/sublist/.meta/generator.clj	4a4c4fd0eb5a232ad1e5f2b81c751bfbfcbd0190	3e71bc1996b689233c80516b4b4aff52259c2cdf
exercises/practice/sublist/project.clj	project	FAIL	E0101	missing-core-function	1	função não resolvida: defproject	exercises/practice/sublist/project.clj	4a4c4fd0eb5a232ad1e5f2b81c751bfbfcbd0190	3e71bc1996b689233c80516b4b4aff52259c2cdf
exercises/practice/sublist/src/sublist.clj	source	PASS					exercises/practice/sublist/src/sublist.clj	4a4c4fd0eb5a232ad1e5f2b81c751bfbfcbd0190	3e71bc1996b689233c80516b4b4aff52259c2cdf
exercises/practice/sublist/test/sublist_test.clj	test	FAIL		compiler-other		namespace não encontrado no source-path: clojure.test	exercises/practice/sublist/test/sublist_test.clj	4a4c4fd0eb5a232ad1e5f2b81c751bfbfcbd0190	3e71bc1996b689233c80516b4b4aff52259c2cdf
exercises/practice/sum-of-multiples/.meta/example.clj	reference	FAIL	E0101	missing-core-function	5	função não resolvida: rem	exercises/practice/sum-of-multiples/.meta/example.clj	4a4c4fd0eb5a232ad1e5f2b81c751bfbfcbd0190	3e71bc1996b689233c80516b4b4aff52259c2cdf
exercises/practice/sum-of-multiples/.meta/generator.clj	generator	FAIL	E0101	missing-core-function	4	função não resolvida: update-in	exercises/practice/sum-of-multiples/.meta/generator.clj	4a4c4fd0eb5a232ad1e5f2b81c751bfbfcbd0190	3e71bc1996b689233c80516b4b4aff52259c2cdf
exercises/practice/sum-of-multiples/project.clj	project	FAIL	E0101	missing-core-function	1	função não resolvida: defproject	exercises/practice/sum-of-multiples/project.clj	4a4c4fd0eb5a232ad1e5f2b81c751bfbfcbd0190	3e71bc1996b689233c80516b4b4aff52259c2cdf
exercises/practice/sum-of-multiples/src/sum_of_multiples.clj	source	PASS					exercises/practice/sum-of-multiples/src/sum_of_multiples.clj	4a4c4fd0eb5a232ad1e5f2b81c751bfbfcbd0190	3e71bc1996b689233c80516b4b4aff52259c2cdf
exercises/practice/sum-of-multiples/test/sum_of_multiples_test.clj	test	FAIL		compiler-other		namespace não encontrado no source-path: clojure.test	exercises/practice/sum-of-multiples/test/sum_of_multiples_test.clj	4a4c4fd0eb5a232ad1e5f2b81c751bfbfcbd0190	3e71bc1996b689233c80516b4b4aff52259c2cdf
exercises/practice/transpose/.meta/example.clj	reference	FAIL	E0101	core-macro	5	função não resolvida: if-let	exercises/practice/transpose/.meta/example.clj	4a4c4fd0eb5a232ad1e5f2b81c751bfbfcbd0190	3e71bc1996b689233c80516b4b4aff52259c2cdf
exercises/practice/transpose/.meta/generator.clj	generator	FAIL	E0101	missing-core-function	5	função não resolvida: assoc-in	exercises/practice/transpose/.meta/generator.clj	4a4c4fd0eb5a232ad1e5f2b81c751bfbfcbd0190	3e71bc1996b689233c80516b4b4aff52259c2cdf
exercises/practice/transpose/project.clj	project	FAIL	E0101	missing-core-function	1	função não resolvida: defproject	exercises/practice/transpose/project.clj	4a4c4fd0eb5a232ad1e5f2b81c751bfbfcbd0190	3e71bc1996b689233c80516b4b4aff52259c2cdf
exercises/practice/transpose/src/transpose.clj	source	PASS					exercises/practice/transpose/src/transpose.clj	4a4c4fd0eb5a232ad1e5f2b81c751bfbfcbd0190	3e71bc1996b689233c80516b4b4aff52259c2cdf
exercises/practice/transpose/test/transpose_test.clj	test	FAIL		compiler-other		namespace não encontrado no source-path: clojure.test	exercises/practice/transpose/test/transpose_test.clj	4a4c4fd0eb5a232ad1e5f2b81c751bfbfcbd0190	3e71bc1996b689233c80516b4b4aff52259c2cdf
exercises/practice/triangle/.meta/example.clj	reference	FAIL	E0105	missing-arity	11	aridade inválida para primitiva (3 args)	exercises/practice/triangle/.meta/example.clj	4a4c4fd0eb5a232ad1e5f2b81c751bfbfcbd0190	3e71bc1996b689233c80516b4b4aff52259c2cdf
exercises/practice/triangle/project.clj	project	FAIL	E0101	missing-core-function	1	função não resolvida: defproject	exercises/practice/triangle/project.clj	4a4c4fd0eb5a232ad1e5f2b81c751bfbfcbd0190	3e71bc1996b689233c80516b4b4aff52259c2cdf
exercises/practice/triangle/src/triangle.clj	source	PASS					exercises/practice/triangle/src/triangle.clj	4a4c4fd0eb5a232ad1e5f2b81c751bfbfcbd0190	3e71bc1996b689233c80516b4b4aff52259c2cdf
exercises/practice/triangle/test/triangle_test.clj	test	FAIL		compiler-other		namespace não encontrado no source-path: clojure.test	exercises/practice/triangle/test/triangle_test.clj	4a4c4fd0eb5a232ad1e5f2b81c751bfbfcbd0190	3e71bc1996b689233c80516b4b4aff52259c2cdf
exercises/practice/trinary/.meta/example.clj	reference	FAIL	E0101	java-interop	7	função não resolvida: .compareTo	exercises/practice/trinary/.meta/example.clj	4a4c4fd0eb5a232ad1e5f2b81c751bfbfcbd0190	3e71bc1996b689233c80516b4b4aff52259c2cdf
exercises/practice/trinary/project.clj	project	FAIL	E0101	missing-core-function	1	função não resolvida: defproject	exercises/practice/trinary/project.clj	4a4c4fd0eb5a232ad1e5f2b81c751bfbfcbd0190	3e71bc1996b689233c80516b4b4aff52259c2cdf
exercises/practice/trinary/src/trinary.clj	source	PASS					exercises/practice/trinary/src/trinary.clj	4a4c4fd0eb5a232ad1e5f2b81c751bfbfcbd0190	3e71bc1996b689233c80516b4b4aff52259c2cdf
exercises/practice/trinary/test/trinary_test.clj	test	FAIL		compiler-other		namespace não encontrado no source-path: clojure.test	exercises/practice/trinary/test/trinary_test.clj	4a4c4fd0eb5a232ad1e5f2b81c751bfbfcbd0190	3e71bc1996b689233c80516b4b4aff52259c2cdf
exercises/practice/twelve-days/.meta/example.clj	reference	FAIL	E0012	reader-regex	35	literal de regex (#"...") não é suportado	exercises/practice/twelve-days/.meta/example.clj	4a4c4fd0eb5a232ad1e5f2b81c751bfbfcbd0190	3e71bc1996b689233c80516b4b4aff52259c2cdf
exercises/practice/twelve-days/project.clj	project	FAIL	E0101	missing-core-function	1	função não resolvida: defproject	exercises/practice/twelve-days/project.clj	4a4c4fd0eb5a232ad1e5f2b81c751bfbfcbd0190	3e71bc1996b689233c80516b4b4aff52259c2cdf
exercises/practice/twelve-days/src/twelve_days.clj	source	PASS					exercises/practice/twelve-days/src/twelve_days.clj	4a4c4fd0eb5a232ad1e5f2b81c751bfbfcbd0190	3e71bc1996b689233c80516b4b4aff52259c2cdf
exercises/practice/twelve-days/test/twelve_days_test.clj	test	FAIL		compiler-other		namespace não encontrado no source-path: clojure.test	exercises/practice/twelve-days/test/twelve_days_test.clj	4a4c4fd0eb5a232ad1e5f2b81c751bfbfcbd0190	3e71bc1996b689233c80516b4b4aff52259c2cdf
exercises/practice/two-fer/.meta/example.clj	reference	PASS					exercises/practice/two-fer/.meta/example.clj	4a4c4fd0eb5a232ad1e5f2b81c751bfbfcbd0190	3e71bc1996b689233c80516b4b4aff52259c2cdf
exercises/practice/two-fer/project.clj	project	FAIL	E0101	missing-core-function	1	função não resolvida: defproject	exercises/practice/two-fer/project.clj	4a4c4fd0eb5a232ad1e5f2b81c751bfbfcbd0190	3e71bc1996b689233c80516b4b4aff52259c2cdf
exercises/practice/two-fer/src/two_fer.clj	source	PASS					exercises/practice/two-fer/src/two_fer.clj	4a4c4fd0eb5a232ad1e5f2b81c751bfbfcbd0190	3e71bc1996b689233c80516b4b4aff52259c2cdf
exercises/practice/two-fer/test/two_fer_test.clj	test	FAIL		compiler-other		namespace não encontrado no source-path: clojure.test	exercises/practice/two-fer/test/two_fer_test.clj	4a4c4fd0eb5a232ad1e5f2b81c751bfbfcbd0190	3e71bc1996b689233c80516b4b4aff52259c2cdf
exercises/practice/word-count/.meta/example.clj	reference	FAIL	E0012	reader-regex	7	literal de regex (#"...") não é suportado	exercises/practice/word-count/.meta/example.clj	4a4c4fd0eb5a232ad1e5f2b81c751bfbfcbd0190	3e71bc1996b689233c80516b4b4aff52259c2cdf
exercises/practice/word-count/project.clj	project	FAIL	E0101	missing-core-function	1	função não resolvida: defproject	exercises/practice/word-count/project.clj	4a4c4fd0eb5a232ad1e5f2b81c751bfbfcbd0190	3e71bc1996b689233c80516b4b4aff52259c2cdf
exercises/practice/word-count/src/word_count.clj	source	PASS					exercises/practice/word-count/src/word_count.clj	4a4c4fd0eb5a232ad1e5f2b81c751bfbfcbd0190	3e71bc1996b689233c80516b4b4aff52259c2cdf
exercises/practice/word-count/test/word_count_test.clj	test	FAIL		compiler-other		namespace não encontrado no source-path: clojure.test	exercises/practice/word-count/test/word_count_test.clj	4a4c4fd0eb5a232ad1e5f2b81c751bfbfcbd0190	3e71bc1996b689233c80516b4b4aff52259c2cdf
exercises/practice/wordy/.meta/example.clj	reference	FAIL	E0012	reader-regex	24	literal de regex (#"...") não é suportado	exercises/practice/wordy/.meta/example.clj	4a4c4fd0eb5a232ad1e5f2b81c751bfbfcbd0190	3e71bc1996b689233c80516b4b4aff52259c2cdf
exercises/practice/wordy/.meta/generator.clj	generator	FAIL	E0101	core-macro	9	função não resolvida: if-let	exercises/practice/wordy/.meta/generator.clj	4a4c4fd0eb5a232ad1e5f2b81c751bfbfcbd0190	3e71bc1996b689233c80516b4b4aff52259c2cdf
exercises/practice/wordy/project.clj	project	FAIL	E0101	missing-core-function	1	função não resolvida: defproject	exercises/practice/wordy/project.clj	4a4c4fd0eb5a232ad1e5f2b81c751bfbfcbd0190	3e71bc1996b689233c80516b4b4aff52259c2cdf
exercises/practice/wordy/src/wordy.clj	source	PASS					exercises/practice/wordy/src/wordy.clj	4a4c4fd0eb5a232ad1e5f2b81c751bfbfcbd0190	3e71bc1996b689233c80516b4b4aff52259c2cdf
exercises/practice/wordy/test/wordy_test.clj	test	FAIL	E0012	reader-regex	67	literal de regex (#"...") não é suportado	exercises/practice/wordy/test/wordy_test.clj	4a4c4fd0eb5a232ad1e5f2b81c751bfbfcbd0190	3e71bc1996b689233c80516b4b4aff52259c2cdf
exercises/practice/yacht/.meta/example.clj	reference	FAIL	E0101	missing-core-function	8	função não resolvida: frequencies	exercises/practice/yacht/.meta/example.clj	4a4c4fd0eb5a232ad1e5f2b81c751bfbfcbd0190	3e71bc1996b689233c80516b4b4aff52259c2cdf
exercises/practice/yacht/project.clj	project	FAIL	E0101	missing-core-function	1	função não resolvida: defproject	exercises/practice/yacht/project.clj	4a4c4fd0eb5a232ad1e5f2b81c751bfbfcbd0190	3e71bc1996b689233c80516b4b4aff52259c2cdf
exercises/practice/yacht/src/yacht.clj	source	PASS					exercises/practice/yacht/src/yacht.clj	4a4c4fd0eb5a232ad1e5f2b81c751bfbfcbd0190	3e71bc1996b689233c80516b4b4aff52259c2cdf
exercises/practice/yacht/test/yacht_test.clj	test	FAIL		compiler-other		namespace não encontrado no source-path: clojure.test	exercises/practice/yacht/test/yacht_test.clj	4a4c4fd0eb5a232ad1e5f2b81c751bfbfcbd0190	3e71bc1996b689233c80516b4b4aff52259c2cdf
exercises/practice/zebra-puzzle/.meta/example.clj	reference	FAIL	E0003	symbol-apostrophe	26	delimitador inesperado `)`	exercises/practice/zebra-puzzle/.meta/example.clj	4a4c4fd0eb5a232ad1e5f2b81c751bfbfcbd0190	3e71bc1996b689233c80516b4b4aff52259c2cdf
exercises/practice/zebra-puzzle/.meta/generator.clj	generator	FAIL		compiler-other		namespace não encontrado no source-path: hbs.helper	exercises/practice/zebra-puzzle/.meta/generator.clj	4a4c4fd0eb5a232ad1e5f2b81c751bfbfcbd0190	3e71bc1996b689233c80516b4b4aff52259c2cdf
exercises/practice/zebra-puzzle/project.clj	project	FAIL	E0101	missing-core-function	1	função não resolvida: defproject	exercises/practice/zebra-puzzle/project.clj	4a4c4fd0eb5a232ad1e5f2b81c751bfbfcbd0190	3e71bc1996b689233c80516b4b4aff52259c2cdf
exercises/practice/zebra-puzzle/src/zebra_puzzle.clj	source	PASS					exercises/practice/zebra-puzzle/src/zebra_puzzle.clj	4a4c4fd0eb5a232ad1e5f2b81c751bfbfcbd0190	3e71bc1996b689233c80516b4b4aff52259c2cdf
exercises/practice/zebra-puzzle/test/zebra_puzzle_test.clj	test	FAIL		compiler-other		namespace não encontrado no source-path: clojure.test	exercises/practice/zebra-puzzle/test/zebra_puzzle_test.clj	4a4c4fd0eb5a232ad1e5f2b81c751bfbfcbd0190	3e71bc1996b689233c80516b4b4aff52259c2cdf
exercises/practice/zipper/.meta/example.clj	reference	FAIL	E0101	missing-core-function	31	função não resolvida: fnext	exercises/practice/zipper/.meta/example.clj	4a4c4fd0eb5a232ad1e5f2b81c751bfbfcbd0190	3e71bc1996b689233c80516b4b4aff52259c2cdf
exercises/practice/zipper/project.clj	project	FAIL	E0101	missing-core-function	1	função não resolvida: defproject	exercises/practice/zipper/project.clj	4a4c4fd0eb5a232ad1e5f2b81c751bfbfcbd0190	3e71bc1996b689233c80516b4b4aff52259c2cdf
exercises/practice/zipper/src/zipper.clj	source	PASS					exercises/practice/zipper/src/zipper.clj	4a4c4fd0eb5a232ad1e5f2b81c751bfbfcbd0190	3e71bc1996b689233c80516b4b4aff52259c2cdf
exercises/practice/zipper/test/zipper_test.clj	test	FAIL		compiler-other		namespace não encontrado no source-path: clojure.test	exercises/practice/zipper/test/zipper_test.clj	4a4c4fd0eb5a232ad1e5f2b81c751bfbfcbd0190	3e71bc1996b689233c80516b4b4aff52259c2cdf
generators/src/canonical_data.clj	source	FAIL		compiler-other		namespace não encontrado no source-path: clojure.data.json	generators/src/canonical_data.clj	4a4c4fd0eb5a232ad1e5f2b81c751bfbfcbd0190	3e71bc1996b689233c80516b4b4aff52259c2cdf
generators/src/formatting.clj	source	FAIL		compiler-other		namespace não encontrado no source-path: cljfmt.core	generators/src/formatting.clj	4a4c4fd0eb5a232ad1e5f2b81c751bfbfcbd0190	3e71bc1996b689233c80516b4b4aff52259c2cdf
generators/src/generator.clj	source	FAIL		compiler-other		namespace não encontrado no source-path: clojure.string	generators/src/generator.clj	4a4c4fd0eb5a232ad1e5f2b81c751bfbfcbd0190	3e71bc1996b689233c80516b4b4aff52259c2cdf
generators/src/log.clj	source	FAIL	E0101	missing-core-function	8	função não resolvida: exit	generators/src/log.clj	4a4c4fd0eb5a232ad1e5f2b81c751bfbfcbd0190	3e71bc1996b689233c80516b4b4aff52259c2cdf
generators/src/paths.clj	source	FAIL		compiler-other		namespace não encontrado no source-path: clojure.java.io	generators/src/paths.clj	4a4c4fd0eb5a232ad1e5f2b81c751bfbfcbd0190	3e71bc1996b689233c80516b4b4aff52259c2cdf
generators/src/templates.clj	source	FAIL		compiler-other		namespace não encontrado no source-path: hbs.core	generators/src/templates.clj	4a4c4fd0eb5a232ad1e5f2b81c751bfbfcbd0190	3e71bc1996b689233c80516b4b4aff52259c2cdf
test-runner.clj	other	FAIL	E0101	missing-core-function	3	função não resolvida: require	test-runner.clj	4a4c4fd0eb5a232ad1e5f2b81c751bfbfcbd0190	3e71bc1996b689233c80516b4b4aff52259c2cdf
test.clj	other	FAIL	E0101	missing-core-function	3	função não resolvida: require	test.clj	4a4c4fd0eb5a232ad1e5f2b81c751bfbfcbd0190	3e71bc1996b689233c80516b4b4aff52259c2cdf
